Codigo_Nacional;Nombre
001395;LACER FLUOR PASTA DUPLO 2X125
002138;GAFA FARLINE OPTA MALTA 1.5
002140;GAFA FARLINE OPTA MALTA 2
002142;GAFA FARLINE OPTA MALTA 3
003194;TAPONES OIDO CERA TAPS 12UN
003335;AGUA AZAHAR TENA 500 ML
003546;ACEITE HIG BACA PERLA500MG120C
004147;ENVASE ORIN VAC SN TUB APOSAN 1U
007066;FARLINE LIMA NG FIBRA VIDRIO
007068;FARLINE PINZA DEPILAR PROF DECO
007069;FARLINE PINZA DEPILAR NG
007071;FARLINE TIJERAS PIELES PROFES
007072;FARLINE TIJERAS U´┐¢AS PROFES
007076;FARLINE CORTAU´┐¢AS MANICURA
007077;FARLINE CORTAU´┐¢AS PEDICURA
007080;FARLINE PIEDRA QUITADUREZAS BL
007770;DUPLO FARLINE CR MAN HIDRATANT
007772;DUPLO FARLINE CR MAN REPARADOR
007828;GAFA LORING TEXAS-1 AZUL +2.50
007902;DUPLO FARLINE CR ADHESIV 2X40G
008404;GAFA FARLINE OPT MILAN AZ 1
008405;GAFA FARLINE OPT MILAN AZ 1.5
008406;GAFA FARLINE OPT MILAN AZ 2
008408;GAFA FARLINE OPT MILAN AZ 3
008435;GAFA FARLINE OPT DUBLIN MA 2.5
008437;GAFA FARLINE OPT DUBLIN MA 3.5
008994;SUBEMEDIAS CONTORNEADO H4650
009184;FARLINE PACK AGUA MICELAR
009408;NUTRIPLUS GEL 120 GR
009433;ANIMA STRATH 100 ML
009443;IRC-VET GEL 50 ML
009537;GAFA FARLINE DUBLIN AZ 2
009561;GAFA FARLINE PALERMO NG 1
009562;GAFA FARLINE PALERMO NG 1.5
009564;GAFA FARLINE PALERMO NG 2
009565;GAFA FARLINE PALERMO NG 2.5
009781;AGUJAS STERICAN 30G 0.30X12MM
010719;FELIWAY DIFUSOR + RECARGA 48ML
011595;SYNOQUIN CRECIMIENTO 60COM
011881;GAFA NANTES FARLINE DP 2.5
012079;BOLSA GEL FRIO CALOR 14X24
012224;GAFA SOL CUBA CARE POL FARLINE
012231;GAFA SOL FARLINE SUIZA NG_POL
012241;GAFA SOL INF AKIRA FARLINE
012582;GAFA FARLINE TEIDE 1
013035;DUPLO BEXIDENT COLUT TRIC 500*
013176;GAFA FARLINE OPT OTAWA CAR 1
013182;GAFA FARLINE OPT OTAWA CAR 3
013191;GAFA FARLINE TOKIO GRIS 1
013194;GAFA FARLINE TOKIO GRIS 1.5
013199;GAFA FARLINE OPT TOKIO_RJ 1
013211;GAFA FARLINE KIEV NG 2.5
013212;GAFA FARLINE KIEV NG 3
013486;GAFA SOL FARLINE LOMBOK PL
013591;BACH RESCUE GOTERO 20 ML
013739;FARLINE DUPLO COLUTORIO ENCIAS
013857;DOUXO S3 PYO SHAMPOO 200 ML
013891;XMILE PLUS GEL DENTIFRICO
015503;ABE´┐¢ULA AZ GD
015894;STERICAN 30GX12 0.30X12 100U
018441;DUO BEXIDENT ENCIAS DIA PAS125
023680;ERGYVITAL HOMBRE 60 CAPSULAS NUTERGIA
025720;APOSAN SACO TERMIC SEMILLA VD
025976;FARLINE GAFA SOL TANGO
025980;FARLINE GAFA SOL HABANERA
025989;FARLINE GAFA SOL INF GAITA
026050;FARLINE DUPLO SP TRANS PED 40%
026051;FARLINE NEC TQ SEC+GEL C0 S5
026059;APOSAN REPEL FAM+PULS NR R5
026066;FARLINE NEC VIAJE AD + COLUT
026442;APOSAN PASTILLER DIARIO 2 TOMA
026444;APOSAN PASTILLER DIA 3 TOMA
026466;FARLINE COLUTOR ANTICARI 100ML
026761;APOSAN BOTIQ SUERO FISIOL 10U
026766;FARLINE HOMBRE NEC BASIC AFEIT
026767;FARLINE HOMBRE NEC BASIC DIA
026772;FARLINE MASCARILLA NUTRI 100ML
026790;FARLINE RECAMBIO CEPILL E PATR
026824;APOSAN HOME FLOR PERFUM FRUTAL
026825;APOSAN HOME FLOR PERFUM AMADER
026826;APOSAN HOME FLOR PERFUM FLORAL
026839;FARLINE NEC BEBE CON MORD RS
028308;TRAUMEEL S HEEL 50 COMP
028365;TRAUMEEL S HEEL POMADA 50 G
028383;FARLINE DUPLO GEL SPA 750ML + POMELO 750ML
028447;SUERO FISIO APOSAN BOTIQ 30U
028451;FARLINE OLEOGEL+CR INTENS ATOP
028455;FARLINE GAFA SOL AFRODITA
028458;FARLINE GAFA SOL ARES
028461;FARLINE GAFA SOL CALISTA
028463;FARLINE GAFA SOL CIBELES
028469;FARLINE GAFA SOL INF ATEMIS
028471;FARLINE GAFA SOL INF PANDORA
029172;VITAMINA K2 + D3 15ML
029733;GAFA FARLINE AMATISTA 1.5
029734;GAFA FARLINE AMATISTA 2
029735;GAFA FARLINE AMATISTA 2.5
029737;GAFA FARLINE AMATISTA 3
029740;GAFA FARLINE AMBAR 1
029741;FARLINE GAFA AMBAR 1.5
029742;GAFA FARLINE AMBAR 2
029745;GAFA FARLINE AMBAR 3
029753;GAFA FARLINE ´┐¢GATA 3
029782;GAFA FARLINE CIRCON 2.5
029789;GAFA FARLINE JASPE 2
029791;GAFA FARLINE JASPE 3
029811;GAFA FARLINE TOPACIO 1.5
029856;FARLINE GEL ALGODON 100ML
029890;APOSAN HOME FLOR PERF AMADERADA
029915;FARLINE DUPLO GEL ARGAN 750ML + VAINILLA 750ML
029916;FARLINE DUPLO GEL ALGODON 750ML + ALMENDRA 750ML
030268;PROENTERIC ADVANCED PERRO 30ML
030511;APOSAN CALENTITOS VACA
030556;FARLINE GAFA SOL LOLA
030562;FARLINE GAFA SOL HARPER
030565;FARLINE GAFA SOL INF LEO
030604;FARLINE CHAMPU ANTICASPA 100ML
030605;FARLINE CHAMPU FORTIFIC 100ML
030606;FARLINE CHAMPU SEBORREGUL 100M
032167;SUERO FISIO APOSAN BOTIQ 50U
032184;FARLINE NEC SP TRANS AD+PED
032381;GAFA FARLINE ARTIES 1.5
032412;GAFA FARLINE CHINCH´┐¢N 1.5
032413;GAFA FARLINE CHINCH´┐¢N 2
032459;FARLINE CORDON GAFA TELA AZ
032461;FARLINE CORDON GAFA CRISTAL AZ
032584;AGUJA 0,3X13 30G 1/2 1UD
032836;GAFA FARLINE HIPNOS 1.5
032840;GAFA FARLINE HIPNOS 3
032845;GAFA FARLINE CRATOS 2
032846;GAFA FARLINE CRATOS 2.5
032848;GAFA FARLINE CRATOS 3
033490;APOSAN CALENTITOS PERRO
033517;FARLINE GAFA SOL PERSEO_POL
033523;FARLINE GAFA SOL VIRGO
033924;DOUXO S3 CALM SHAMPOO 200 ML
034391;FARLINE LIMA PIES MANGO
034835;DEPRESORES MADERA 100 UND
035507;GAFA FARLINE URBI´┐¢N 2
035508;GAFA FARLINE URBI´┐¢N 2.5
035509;GAFA FARLINE URBI´┐¢N 3
035835;RESUCITADOR AMB ADUL URG105N17
038968;BAYTRIL 15 MG 10 COMP VET
038976;BAYTRIL 50 MG 10 COMP VET
045658;CIGARRO MENTOL FLOWERS 2PZ 1UN
045666;CIGARRO MENTOL FLOWERS 3P 1U
047381;ARCANUM UNG SEDATIVO 100 ML
051566;SOLNATURAL STEVIA 300 TABLETAS
067256;VETRIDERM SOL TOPICA 350ML
068288;VENDAJE CIRCUL FINGER BANDAGE
073387;VASELINA GAL 12 GR
077693;ZUECO HANKSHOES CONFORT AZ 43
078261;ZUECO HANKSHOES MICROMAS BL 43
085951;PASTILLERO CORTADOR PASTILLAS
099452;AGUA DE ROSAS AL 0,3% 250ML
099531;AGUA ROSAS 1 L PERLAPHARMA
100090;SINERGIA EUCALYPUR 30ML
100470;SOLARAY VIT B12 2000MCG 90COMP
102765;ALUMINIUM SPRAY 270ML SP VETERINARIA
102768;OTIFREE 160ML SOL AURICULAR VETOQUINOL
106348;ACEITE ALMENDRAS DULCES 1 LITRO SOTYA
108004;HOLOFIT ASTAXANTINA  50CAP
108313;HOLOMEGA ACIDO CAPRILICO 50CAP
110044;ANTIFAZ FLEMING GEL FRIOCALOR
110120;MASCARILLA SILIC INFAN AMBU N2
110788;PASTILLERO DIARIO 4TOMAS PQ BL
112143;RICIGRAN A RICINO PESTA´┐¢A 30ML
113305;DIDISAN RTU 500 ML
114444;FELIWAY CLASSIC SPRAY 60 ML
116729;DUPLO ANTHELIOS DERMO PEDRIATRICS SPRAY 50+ 200 ML X 2
116733;DUPLO ANTHELIOS BRUMA ROSTRO 75ML X 2
117077;VARIOS PRODUCTOS
118782;JABON GLICERINA 100GR
124688;AE TE DE LABRADOR 5ML TERPENIC
125743;AE ZANAHORIA 70%CAROTOL 30ML T
131708;PRO-ENTERIC ADVANCED DOG 15ML BIOIBERICA
140011;ATENOLOL 2 mg/ml SUSPENSION ORAL 1 FRASCO 100 ml
140034;DILTIAZEM 20 mg/g GEL CUTANEO 1 ENVASE 30 g
143644;CIGARRO MENTOL FLOWERS BLIST3U
149061;OB CARBON VEGET ACTIVADO 60CAP
150113;SRO FISIOL CINFA 40 MONOD 5 ML
150147;HALLEY REPELEN INSECT INF100ML
150148;HALLEY REPEL INSECTO TOALLITAS
150243;PEUSEK BA´┐¢O DESOD 2 SOBRES
150317;RODILLERA FARMALAST ROTULIAN M
150362;KIN FORTE ENCIAS PASTA 125ML
150614;XEROLACER GEL TOPICO 50 ML
150699;SALUVITAL CR ROSA MOSQ 50ML
150828;KLORANE DESOD SPY ALTHEA 125ML
150891;CEPILLO INTERPROX PLUS SUPER10
150892;CEPILLO INTERPROX PLUS MICRO10
150983;ISDIN TEEN SKIN ACNIBEN MINIMIZADOR IMPERFECCIONES LOCALIZADAS 30 TOALLITAS
150996;ANDROFERTI 60 SOBRES
151062;KERACNYL GLYCOLIC+ CR DESIN 30
151072;AVENE SOLAR COMPAC ARENA F 50
151334;HYDRAPHASE XL LIGERA CR 40 ML
151566;LIPIKAR BAUME AP+M LIGHT 400ML
151593;BIMANAN DRENAJE REDUCT 500 ML
151694;SALUVITAL GEL ALOE VERA PUR500
151796;SENSIBIO H2O 500 ML
152345;WOMAN ISDIN HIDR VAG 12X6
152346;PSORISDIN CHAMPU 200 ML
152536;FOTOP ISDIN EXT F50+ FUSION50M
152597;ANTHELIOS UV MUNE 400 50+ 50ML
152599;LOCION HIDRATANTE CERAVE 1 ENVASE 473 ml RECARGA
152644;RHINOMER BABY RECAMBIO 10 UN
153406;CYSTICLEAN 240 MG PAC 30 SOBR
153431;REVIDOX STILVID 30 CAPS
153444;TOLERIANE DERMOLIMPIADOR 400ML
153541;ARKO LEVURA SACCHAR BOULARD 50
153822;PEZONERA MEDELA M 2 UN+ESTUCHE
153978;FISIOVEN BIOGEL 100 ML
154065;PRESERVISION 3 60 CAPS
154119;STERILLIUM SOLUC BIOC 100 ML
154121;STERILLIUM SOLUC BIOC 500 ML
154281;LIPIKAR ECZEMA MED 30 ML
154354;PHARMATON COMPLEX 30 COMP
154418;PILEXIL CHAMPU ANTICAIDA 500ML
154680;GENOCUTAN GEL 750 ML
154884;ANTHELIOS 50+ FLUIDO COLO 50ML
155230;SOMATOLINE HOMB ABDOM DEFIN200
155286;LETI SR 60 CAPSULAS
155293;PHB GINGI KIT CEP+P 15 ML
155922;UROMIL 60 CAPS
156038;ODDENT ENJUAGE ORAL 150 ML
156105;DERCOS CHAMPU ESTIMULANT 400ML
156228;TALONERA COMFORSIL DESCAN L 2U
156332;SEPARADOR COMFORSIL CARRETE S
156333;SEPARADOR COMFORSIL CARRETE M
156334;SEPARADOR COMFORSIL CARRETE L
156574;PHB CEP PLUS JUNIOR+PASTA 15ML
156589;KAMIREL SPRAY APLICADOR 100ML
156790;TETINA LATEX ANATOMICA SUAVINEX TALLA 2L 2 UNIDADES
156855;BIBERON PP BOCA ANCHA T LATEX ANATOMICA SUAVINEX 1 UNIDAD 360 cc + T2 L
156974;WOMAN ISDIN HIGIENE INT 200ML
157352;PHB JUNIOR KIT CEP+PAST 15ML
157435;AVENE COUVRANCE POL BUENA CARA
157438;LETIFEM PEDIATRIC GEL 250 ML
157456;VEA ACEITE CORP SPRAY 50 ML
157493;SUERO ORAL NORMON FRESA2X250ML
157588;KIN GINGI COMPLEX ENJUAG 500ML
157810;AVENE EAU THER REPAR SOL 400ML
157935;ALZAS SILICONA DISMETRIA 8MM
157989;BIBERON SUAVIN ENTR ASA SIL150
158030;ACEITE ALMENDR DULC NAMIRA 125
158241;KUKIDENT PRO CLAS CR ADH 70 G
158242;KUKIDENT PRO FRESCO 47 GR
158329;PANTY JOBST 70 NATURAL T4
158426;RODILLERA INNOVA T P
158427;RODILLERA INNOVA T MD
158429;RODILLERA INNOVA T G
158661;TOBILLERA INNOVA T P
158662;TOBILLERA INNOVA T MD
158663;TOBILLERA INNOVA T G
158665;MU´┐¢EQUERA VELCRO INNOVA T PMD
158738;PAROGENCYL CONTR COLUT 2X500ML
158771;ANTHELIOS XL 50+ SPERF 250 ML
159083;RODILLERA FARMALASTIC NEOP T U
159084;RODILLERA FARMAL NEOPR ROT T U
159226;SENSODYNE REPAIR AND PROTECT PASTA DENTAL 1 TUBO 75 ml
159578;VISMED GOTAS 20X0.3 MONODOSIS
160186;FARLINE COLUT ACC TOTAL 500ML
160388;REPAVAR REGE CR MANOS 75 ML
160396;OTC ANTIPIOJ PACK PERMETRINA
160541;INTERPROX PLUS MINICONICO 6UDS
160683;RHINOMER F1 XL 180 ML
160910;SALUVITAL LOCION CORPORAL ROSA MOSQUETA 1 ENVASE 450 ml
160919;DENTIBLANC DUPLO 2 X 100ML
161173;URGOCALL 12 UN
161273;HIDRALOE GEL ALOE 250 ML
161337;PARCHES ADHESIVOS COMFORSIL
161614;INTERPROX PLUS XX-MAXI 4UDS
161678;VITIS ORTHODONTIC 32 COMP
161960;CONTOUR NEXT 25 TIRAS REACTIV
162129;ANTHELIOS NI´┐¢OS LECHE50+ 250ML
162200;EFFACLAR SERUM ULTRA CONCENT30
162361;BUCALSONE PLUS SPRAY 50 ML
162723;SIKENDIET BEB CACAO FIBRA 400
162798;EUCERIN ANTITRANSP ROLL ON 50
162990;CEPILLO LACER TECHNIC EX-SUAVE
163006;CEPILLO LACER TECHNIC QUIRURGI
163047;SALTRATOS SALES RELAJA 250 GR
163180;CIS-CONTROL 150 MG 120 CAPS
163240;CEPILLO LAC INT REC EXT FINO10
163242;CEPILLO LAC INT ANG EXT FINO10
163257;TETINA SILICONA BOCA ANCHA PAPILLA SUAVINEX 0 MESES 2 UNIDADES
163284;CICATRIDINA RUBIO 10 SUPOS
163347;ESPARAD OMNIPLAST TEL RS 5X2.5
163428;SQUANORM CH CASPA GRASA 200 ML
163564;OPTICHAMBER CA INH MAS DIAM IN
163965;FORMAG 90 COMP
164199;AVENE FLUI SPF50+ SIN PERF50ML
164302;HYALURON MUCUS 30 GR
165127;AGUJAS 0.25X8 MM 31G 100U
165540;SEIDIFERTY 60 CAPS
165833;DUCRAY SENSINOL SOS SPRAY 30ML
166001;MULTICENTRUM MUJER 30 COMP
166116;NUTRIBEN INICIO BIBERON 600 G
166257;YOTUEL SNOWMINT 75 ML
166292;VITIS ALOE VERA PASTA DENTIFRICA 2 ENVASES 150 ml SABOR MENTA
166382;LIPIKAR ACEITE LAVANTE AP+ 1L
166383;CERAVE LIMPIADORA HIDRATANTE 1 ENVASE 473 ml RECARGA
166826;AVENE XERACALM A.D. CREMA 200
166840;LEUKOPLAST KIDS ZOO 12UN SURTI
167174;AQUILEA VIGOR ELLA 60 CAPS
167299;INTIMINA EJERCITADOR KEGEL 38G
167409;ALMIRON ADVANCE 2 800G
167428;VITIS CEPILLO PROTESIS
167511;MIGRASTICK FORTE ROLL ON 3 ML
167673;PROFIL DUREX NATURAL XL 12 UN
167730;GLUC UP LIMON 15GX10STICKS30ML
167834;HALITA PASTA DENT 75 ML
168004;NAN 4 800G
168217;TAPONES POLIURETANO APOSAN 4UN
168455;TENA BABEROS DESECH T G 150U
168897;SALUVITAL ACEITE PURO DE ARGAN ECOCERT 1 ENVASE 30 ml
169023;OPTIBEN 30 TOALLITAS UNIDOSIS
169231;LACTANZA HEREDITUM 28 CAPS
169555;GESTAGYN PRECONCEPCION 30 CAPS
169568;NEUTROGENA CR PIE ABS INMEDIAT
169661;BE+ DESMAQUILLA BIFASICO 150ML
169751;ENSURE NUTRIVIGOR VAIN 400G
169812;TH PHARMA VITALIA SIN AMONIACO COLORACION CAPILAR PERMANENTE COLOR 5 CASTA´┐¢O CLARO
169823;TH PHARMA VITALIA SIN AMONIACO COLORACION CAPILAR PERMANENTE COLOR 7.46 RUBIO MEDIO ACOBRADO ROJO
169878;MAGNESIO NM 1G 100SOB
170113;BE+ GEL EXFOLIA DOBLE ACC 75ML
170182;LEGASIL 30 COMPRIMIDOS
170185;BIBERON VIDRIO TETI SIL 240 ML
170555;CERAVE LIMP ESPUMOSO REC 473ML
170680;FLAVIA PLUS 30 CAP
170719;STERILLIUM ANTISE PIEL BIOC500
170820;BE+ GEL ESPUMA LIMP 200 ML
170910;ISDINCEUTICS GLICOISDIN CR8%50
171035;ASTENOLIT AMPOLLAS BEBIB 12UDS
171280;PROFIL DUREX SABOREAME EASY 12
171325;XAILIN NIGHT (XILIN) 5 GR
171386;AQUILEA SUE´┐¢O 1.95MG 30 COMP
171683;BEROCCA PERFORMANCE 30COM NARA
171756;INTIMINA COPA MENS COMPACT TA
171908;ARNIDOL PIC ROLL ON 30 ML
172129;ENSURE NUTRIVIGOR CHOCO4X220ML
172374;COLUT SIN ALCOH FARLINE 500ML
172419;SOL SALINA ARISTO 30 MONO 5 ML
172564;N+S FLORABIOTIC INSTANT 8 SOBR
172628;MAGNESIUM6 60COMP
172675;FLEBINEC 14 SOBRES 4 g
172693;PHB REC CEP ELEC JUNIOR 2 UN
172905;BIRETIX MICROPEEL 50ML
173337;VENOK 30 CAPSULAS
173346;BIBERON SUAVIN PREMIUM SIL 360
173394;RICOLA EUCALIP SAZ 70GR BOLSA
173404;RICOLA M MONTA´┐¢A SAZ 50GR CAR
173423;OPTREX COLIR AGUA HAMAMELIS 10
173568;COMPRESA EVAX LIBER SUP ALAS10
173957;NOVUM INTEL MED LARG T5 ANTRAC
174111;NEUTROGE CORP ELAS INT 400ML
174439;MELATONINA FARLINE COMP 60comp
174472;PAIDATOPIC SYNDET 400 ML
174941;DUPLO K-Y GEL LUBRICANTE 75 ML
175240;SABANINDAS 60X90 20 UN MAXI
175426;FUCA COLON CLEAN 30 COMPRIMIDOS
175710;LAMBDAPIL ANTICAIDA CHAMPU 400
175899;CETAPHIL CR HIDRAT 453 G
176067;MEDIA FARM NOR LAR BLON CAMELG
176126;COLIMIL BABY 30ML
176921;ISDINCEUTICS FLAVO-C ULTRA 30U
177156;FARLINE CONTORNO COLAG 15 ML
177279;PANTY FARMALASTIC NORM NE MD
177371;FARLINE AC ROSA MOSQUETA 30 ML
177486;ANA L J COLAGEN MAGN POL 350GR
177625;UNIGEL AUROVIT PROCTO 5 SUP
177653;NS VITANS COLAGENO 30 SOBRES
177699;ODM5 ANTIEDEMA CORNEAL FRA10ML
177748;VIGORIX 90 CAPS
177798;DONNAPLUS LESSURIN 60COMP
177871;ESTILA 60 TOALLITAS
178077;HYLO FRESH COLIRIO 10 ML
178176;LEVEDOL 60 CAPS
178182;LETI SR PROBIOCLEAN MICELAR200
178284;COLNATUR FISIO CREMA MASAJE DEPOR 250 ML
178410;CHUPETE SUAVIN FUSION SIL-2 4M
178688;FARLINE GEL DE BA´┐¢O SPA 750 ML
178699;BLEMIL PLUS PREMATUROS 400 G
178775;CAMALEON MAGIC COLOUR VERDE
178804;TAMPAX COMPAK PEARL REGULAR16
178834;GOIBI ANTIMOSQUITO PEDIAT
178859;PALOMACARE GEL VULVAR 30 ML
178867;SOLUCION UNICA FARLINE OP2*360
179063;AQUILEA SUE´┐¢O EXPRESS 12 ML
179177;TAMPAX COMPAK SUPERPLUS 26
179194;REC VITIS SONIC S1020 MEDIUM
179321;RESPIMAR LIMPIEZAHIDRAT 120ML
179340;BEXIDENT BLANQUEANT COLUTOR500
179397;FERTYBIOTIC HOMBRE 60 CAPS
179398;FERTYBIOTIC EMBARAZO 30 CAPS
179696;VEA LIPO3 50 ML
179698;ALMITAL NEO CREMA 100 ML
179928;JERINGA SIN AGUJA 3 PIEZAS ESTERIL ACOFAR 1 UNIDAD 50 ml
180046;MELAGYN 10 OVULOS VAGINALES
180047;MELAGYN SOLUC VAGINAL 100 ML
180124;LIMA ELECTRICA ANTIDUREZAS DR LINE RECAMBIOS 2 UNIDADES
180177;CAMALEON BASIC COLOUR TERRA
180178;CAMALEON BASIC COLOUR BERENJEN
180832;NUTRIBEN INNOVA 2 800G
181084;NG HB FACIAL LI GEL AGUA 200ML
181176;AQUILEA DIGESTIVO 30 COMP
181422;PROFIL DUREX DAMEPLACER EASY12
181544;FARLINE LOC HIDRATANTE 500 ML
181621;KLORANE EXTRASUAVE CON COLOR CHAMPU SECO 2 ENVASES 150 ml PACK DUO
181625;KLORANE CHAMPU SECO EXTRASUAVE AL EXTRACTO DE AVENA 2 ENVASES 150 ml PACK DUO
181851;NASOFAES TRIPLE ACCION 30 ML
181943;SEIDIGYN HIDRATANTE VAGINAL30G
181991;ARKOVITAL PURA ENERGIA 30 COMP
182149;ARKOCAPSULAS GUARANA 40 CAPS
182247;ANTHELIOS WET SKIN 50+ 200 ML
182258;SET DE CUBIERTOS INFANTILES SUAVINEX ESTUCHE NI´┐¢O
182295;NUTRIBEN POLLO CON VERDURAS 1 POTITO GRANDOTE 250 g
182330;REPELENTE FAMILIAR APOSAN 100
182332;REPELENTE INFANTIL APOSAN 100
182387;DEXERYL SHOWER 200 ML
182502;DONNA PLUS MULTIFLORA 15COM
182503;FARICRON 30 COMPRIMIDOS
182511;FITTYDENT ALMOHADILL INFER 15U
182513;FITTYDENT SUPER ADHESIVO 40 ML
182514;FITTYDENT SUPER ADHES 20 GR
182553;SOMBRA DE OJOS BETER 1 UNIDAD COLOR 03 SHINY BRUNETTE
182575;BROCHA GRUESA TODO TIPO MAQUILLAJE PELO SINTETICO BETER 1 UNIDAD
182757;BEXIDENT AFTAS COLUTORIO 120ML
182953;HEPADIF SOL 150 ML
182987;NATURAL OMEGA3 1 ENVASE 200 ml
183119;ARKOCAPSULAS HINOJO 45 CAPS
183151;PHARMASOR RUSCIMEL 30 CAPS
183162;ENNA CYCLE CAPLIC TALLA S
183219;COMPLIDERMOL 5A PLUS 60 CAPS
183415;VIDISAN ALERGIA ECTOIN MULTI10
183444;BI-ORALSUERO PLUS 2X330 ML
183523;LEOTRON MAGNESIO 36 COMP
183526;LEOTRON MAGN+POTASIO 36 COMP
183755;BIMAIO LIQUID GOLD 1 ENVASE 50 ml
183851;FITOSOYA 60 CAPS
184045;ALLPRESAN PEDICARE3 PIEL MSECA
184211;AVENE COUVR MAQ FLUI ARENA 30
184212;AVENE COUVR MAQ FLUI MIEL 30
184258;KLORANE KERATIN 90 CAPS
184266;VITAMINA B12 1000 MCG 60 COMP AIRBIOTIC
184373;AGUA OXIGENADA RF APOSAN 500
184584;AGUA OXIGENADA ACOFAR 5% 1 FRASCO 250 ml
184595;AQUILEA ARTICULAC FORTE-DOL280
184760;HELIOCARE 360 MINER TOL FLU 50
184773;VITIS BABY CEPILLO DENTAL
184813;FARLINE COLAGENO+MG CACAO 400G
184863;EUCERIN ATOPIC CR MANOS 75 ML
185054;OMEGAKIDS GUMMIES 54UDS
185133;NS DIGESTCONFORT GASES 60C
185134;VICKS CARAMELOS VAPOMENTOL72GR
185173;BLEMIL PLUS 2 FORTE 800 G
185334;CHUPETE SILICONA ANATOMICO SUAVINEX 6 - 18 MESES 2 UNIDADES
185492;SEA BAND STOPNAUSEAS MAMA 2UN
185525;NAN 4 DUPLO 800G
185841;PUNTUALSENNA 15ML
185855;FARLINE GLUCOSAMINA+CONDR 60CO
185930;EUCERIN DERMOPURE COVER 2 GR
185945;FISIOCREM GEL ACTIVE XXL 600ML
186074;INMUNOFERON 45 SOBRES
186133;SEIDIVID PLUS 16 SOBRES
186136;PRODEFEN GOTAS 7 ML
186174;ARTROSY 1 ENVASE 60 ml
186228;DERMAPLAST ACTIVE KINESIOLO CN
186268;RATONCITO AMERICANO DERECHO
186269;RATONCITO AMERICANO IZQUIERDO
186326;VEROVAL AUTOTEST DROGAS
186482;ISDINCEUTICS DAY&NI MELAT10+10
186620;LENODIAR PEDIATRIC 12 SOBRES
186660;HELIOCARE 360 INV SPY50+ 200ML
186974;CONTROL G.MASAJ THAIPASS 200ML
187014;BE+ GEL REDUCTOR CICATRICES
187267;ARKOSOL INTENSIVO 30 PERLAS
187327;LEOTRON MUJER 90 COM
187382;HIALIX 24PASTILLAS
187398;FARLINE CR CUERPO-MANOS 300 ML
187416;CUMLAUDE HIDRAT INTERN DELIG30
187424;GASA APOSAN TNT 10*20 20 U S2
187642;CERAVE LOC HIDRAT ROSTRO 52 ML
187653;CERAVE GEL CONTROL IMPERF 40ML
187848;TOLERIANE SENSITIVE FLUIDE 40
187966;SERELYS 60 CAPSULAS
188006;EPAPLUS COLAG LIMON ANTIOX 30D
188092;BE+ENER RED CONT OJO 15ML
188093;BE+ENER RED CR NU PIEL MAD50ML
188095;BE+ENER RED SERUM LIFTING 30ML
188143;BE+ENER AN CONT BOLSAOJER15ML
188171;ACOFARVITAL SOLAR INTENSIVE 60 COMPRIMIDOS
188408;FARLINE CHAMPU ARBOL TE 250ML
188415;BIBERON SUAV PP ANT SIL MIX180
188419;TETINA SUAV ANTICOL SILIC S 2U
188459;NS OMEGA3 CHIA 120CAP
188476;TRIADE H 20 SOBRES
188700;APOSITO APOSAN AGUA 7*2 10UN
188930;KLORANE CHAMPU CENTAUREA 400ML
189002;NS FLORABIOTIC KIDS 8SOB
189318;MAVALA CIENTIFICO K+ ENDUR 5ML
189409;GLICERINA PURA & GO 250 ML
189415;HANSAPLAST ESPAR UNIV 5M*2.5CM
189473;LACER PASTA DENTAL NATUR 100ML
189496;VISAID PRESS 90 CAPSULAS
189694;MULTIDERMOL GEL DUCHA 750 ML 2 UD 50%
189699;INIBSA PACK GEL 1000 +CHAMPU
189734;YOVIS STICK 10 SOBRES BUCO
189823;CERAVE GEL LIMPIADOR ESP FAM1L
189914;PSORISDIN CHAMPU 400 ML
189921;FARLINE GEL FRUTOS BOSQU 750ML
190237;ACOFARMA VIVERA DESODORANTE 1 SPRAY 150 ml
190297;BE+SKIN PRO UL FAC SPF50 50ML
190303;BE+SKIN PR MAQ CLAR SPF50 10G
190374;ACOFAR KINESIOLOGY TAPE VENDAJE 1 UNIDAD 5 m x 5 cm COLOR AZUL
190375;ACOFAR KINESIOLOGY TAPE VENDAJE 1 UNIDAD 5 m x 5 cm COLOR FUCSIA
190410;ALUNEB ISOTONICO 15 VIAL 4ML
190411;ALUNEB DISPOSITIVO NEB NASAL
190412;LUNEB KIT HIPER 20VIAL5ML
190765;CYSTICLEAN 240 MG D-MAN 30 SOB
190952;BRAZ EPICON FIX FLS ADVANCE TU
190977;KNEIPP INFUSION B NOCHES FORTE
191008;DONNAPLUS MENOCIFUGA FORTE 30C
191038;LEPHADEMODEX 30 TOALLITAS ESTE
191278;BEXIDENT SMILE&GO ANTICAR KIT
191281;BEXIDENT SMILE&GO KIT USO DIAR
191284;BEXIDENT SMILE&GO SENSIBLE KIT
191398;CISTISEID 15 SOBRES
191785;CEPILLO REC ORALB VIT PROAZUL
191801;NUCLEODOL 30 CAPSULAS
191826;AQUORAL FORTE MULTIDOSIS 10ML
192065;NUTRIBEN POLLO GUISZAN 235G
192068;NUTRIBEN TERNERA VERDURAS 235G
192085;NUTRIBEN VERD POLLO TER 235G
192193;SUPRADYN ENERGY 50+ ANTIOX90CO
192194;FARLINE ARANDANO ROJO 30 CAPS
192204;OZOAQUA JABON LIQUIDO 1000 ML
192304;ADIPROX ADVANCED FLUIDO 325 GR
192407;NS EQUIRELAX INFUSION 20 SOB
192529;BE+ ENERGIFIQUE HIDRATACION ACTIVA DESENSIBILIZANTE CREMA REVITALIZANTE EN PROFUNDIDAD 1 ENVASE 50 ml
192625;LETI BALM PERIBUCAL 30 ML
192884;NAN SUPREME 3 800G
192931;LACER OROS PASTA 200 ML
193012;ARTICOLAGENO NATIVO PLUS 30COM
193014;SEBAMED CHAMPU ANTICASPA 400ML
193016;HELIOCARE360 PED MINERAL 50ML
193017;HELIOCARE360 PED LOC SPR 250ML
193070;EYESTIL PLUS 10 ML
193119;HERPIX 8 SOBRES
193187;PEDIASURE VAINILLA 850G
193448;AGUA OXIGENADA RF APOSAN 1000
193598;FARLINE FRIMAR FRESH ALOE 30ML
193651;VISAID 0.3 % 10 ML
193673;TAPONES OIDOS SILICONA MOLDEADA INFANTILES ACOFAR 6 UNIDADES
193718;TETINA SUAV ANAT T2L SILIC 2UN
193727;DEXYANE CREMA BARRERA 100ML
193747;FARMATINT BALSAMO ACC 150 ML
193826;MABOLIPID PLUS 30 COMPRIMIDOS
193914;CERAVE CR ANTI RUGOSIDAD 177ML
193929;RILASTIL AQUA INT GEL-CR 40 ML
193947;TRIADE CREMAGEL 100 ML
194098;VITREOCLAR 30 COM
194306;ERYSIM FORTE SPRAY BUCAL 20ML
194420;PHYTOBIOPOLE VALERIANA 50ML
194584;FORTE JALEA CARAM GOM MIEL 45U
194601;PROBIAC 30 CAPSULAS
194769;FEMIBION 1 28 COMPRIMIDOS
194944;GINGIKIN B5 ENJUAGUE 500 ML
194968;ALMIRON ADVANCE 1 400G
195096;LACER OROS COLUTORIO 1000 ML
195168;CREMA HIDRATANTE CERAVE 1 ENVASE 473 ml RECARGA
195199;TETINA SUAV ANTICOL SIL TL 2U
195237;FORT´┐¢ RUB BRONQUIOS JBE 200 ML
195418;AP DYNAMIC COLLARIN CERVICA TU
195468;DUPLO PARODONTAX HERBAL2*75ML
195555;MED CORT C.N PUNTERA ABI NG EG
195558;MED CORT C.N PABIE CAMEL T.G
195703;DERNOVE SUPERLATIVE BOOSTER FACIAL 10ML
195780;BE+ENE P.GR GEL CR ANT MAT50ML
195782;BE+ AGUA MICELAR TODO EN 1 1 ENVASE 500 ml
195783;ALMIRON AR 2 800G
196092;ACOFARMA NESIRA GEL FACIAL INVISIBLE SPF 50+ 1 TUBO 50 ml
196214;FARLINE CR HYDRAREPAIR 50 ML
196296;PROTECT PLANTA COMFORSIL L 2U
196297;MINIPLANTILLAS EXTRAFI SIL 2U
196366;CHELINO NATURE T1 B28
196367;CHELINO NATURE T2 B28
196368;CHELINO NATURE T3 B36
196438;VIGANTOLETTEN STICKS 30 SOBRE
196609;FARLINE CEP DENT BAMBU VD 4U
196749;ODDENT GEL ORAL BABY 20 ML
196917;LEOTRON MAGNESIO 60 TAB
196920;YMEA VIENTRE PLANO NF
197205;UROSENS MANOSA 30 SOBRES
197232;MODULASE 20 COMPRIMIDOS
197233;OROBEN GEL ORAL 1 ENVASE 15 ML
197425;SET MANICURA SUAVINEX ROSA
197464;FOTOP PED TRAN WET SKIN50+ 250
197601;ACMED CREAM 75 ML
197609;OROBEN COLUTORIO ABOCA 150ML
197671;BOTIQUIN DE PRIMEROS AUXILIOS ACOFAR 1 UNIDAD GRANDE
197722;BE+ENER HID ACT PIEL INTOL40ML
197819;SUAVINA BALS PRUNUS 10ML
198100;COLTEX JARABE TOS 150 ML
198273;BEPANTHOL DERMA REGENERADORA CREMA FACIAL NOCHE 1 ENVASE 50 ml
198325;ZINCATION CHAMPU ANTICASPA 400
198409;NS VITANS ESTRES BI-EFFECT 20C
198414;VISUEVO COLIRIO 10 ML
198445;TROFOLASTIN RED CICAT MAMA 3 U
198559;SUAVINEX PORTACHUPETE CLASICO
198640;FARLINE TOALL INTIMA POCKET 10U
198962;ALMIRON PROFUTURA 1 MINIBIBERO
198990;ISDINCEUTICS HYALUR CONCE 30ML
199110;ACOFARMA VIVERA CREMA DE MANOS 1 ENVASE 30 ml AROMA FLOR FRESCA DE TE
199249;CHUPETE SUAV FISIO SIL6-18 2U
199252;SUAV FISI TODO SIL6-18
199259;TETINA FISIO FLUJO M SIL 2UD
199262;FARLINE TOALLITAS BEBE 72 UDS
199330;MABOLIPID PLUS 60 COMPRIMIDOS
199361;PURALID LIPOGEL 15 ML
199529;SUDOCREM MULTI EXPERT 125G
199530;BABY NATURALS´┐¢PERIORAL 15ML
199576;KNEIPP MEMORIA Y CONCENTRACION
199657;FISIOCREM PARCHE ACTIVE 4 UN
199757;APOSAN BASTON INGLES BIRREGUL. 1U
199957;HANSAPLAST ELAST SURTIDO 40UN
200054;APOSAN BASTONCILLOS BEBE 50U
200076;ROSACURE FAST 30 ML
200213;ALMIRON MULTICEREAL ECO 200G
200214;ALMIRON MULTICER QUIN ECO 200G
200376;KIN ORO TABLETAS LIMPIAD 64+32
200489;SEIDIBION PRIME 60 CAPS
200645;PRO-AMP NUTRATOPIC CR EMOL 200
200692;COREGA ORTODONCIAS Y FERUL 36T
200902;EMOLIENTA SCALP GEL 60 ML
200954;ACOFARMA NESIRA JABON MANOS CERO 1 ENVASE 500 ml
200961;APOSAN PULSERA CABO CITRON 3U
200964;VENDA FIJACION PEHA-HAFT 4X10
201286;SALVELOX APOSITO ESPUMA 1 M
201351;VENORRECTAL GEL 50G
201469;LAPIZ DE CEJA COLOR 02 MEDIUM
201478;SOMBRA DE OJOS BETER LOOK EXPERT 1 UNIDAD COLOR 05 MATT DEEP BROWN
201680;NS GINEPROTEC CISPRE FLASH 10C
201704;NOVALAC EXPERT AE 800G
201868;DIORREN STOP&HYDRATE 9 SOBRES
202205;SUN SYSTEM COMP BEIGE 50+ 10GR
202290;CUMLAUDE LAB: HIGIENE INTIMA CLX GEL 1 TUBO 200 ml
202387;FOTOULTRA AGE REP COLOR 50+ 50
202443;HELIOCARE 360 SPORT SPF50+ 25G
202575;VAGISIL GEL LUBRICANTE VAGINAL-EFECTO CALOR 30 G
202585;SANTE VERTE DIALIV DIARREA 10S
202990;INMUNOFERON 60 CAPUSLAS
203022;EXELVIT ESENCIAL 30 CAPSULAS
203025;D+DONNAPLUS SAFROMOTIVE 60CAP
203061;ACOFARMA NESIRA DESODORANTE 1 ROLL ON 75 ml
203339;FERTYBIOTIC BALANCE 34 CAPS
203373;LIBICARE MENO 30 + 30 CAPSULAS
203673;PROFAES DIGEST PLUS 10 SOBRES
203766;APOSAN DISCOS LACTANCIA 30U
203777;ARKOCAPS VIT D 100% VEG 45 CAP
203916;FARLINE HYDRA-MAT 50ML
203974;ODDENT FORTE SPRAY ORAL 20 ML
204024;SOL FISIOLOG CINFA 30 UNIDOSIS
204042;ARTISEID DINAMIKA WOM GEL125ML
204067;PAPILOCARE INMUNOCAPS 30 CAPS
204074;HELIPROTECT 30CA
204097;FARLINE FISIOACTIV FORTE 60G
204102;FARLINE MEMORIA 60 CAPS
204259;ARKOSTEROL PLUS 30X2 CAPSULAS
204283;AQUILEA QBIOTICS MENOPAUS 30CA
204326;COSMOPOR SILICONE 10X8CM 5U
204330;BLEVIT BARRIGUITAS 150GR
204456;SEPTOMIDA MD SOBRES 12 UN
204657;NS ADELMED 60 CAPSULAS
204672;KERACNYL UV FLUIDO ANTI 50+ 50
204691;BIMAIO BTX-ACTIVE 10 AMPOLLAS 2 ml
204838;STERIMAR CONGESTION 100 ML
204852;FARLINE HIDRATANT FAC HOMB 50
204892;NATUR ACEIT ONAGRA+VIT E 90CAP
204993;SYMBIORAM GO 10 STICKS 1.5G
204994;ARCID 12 STICK 10 ML
205131;LIVEX CAPS 30
205300;ARKOCAPS ASHWAGANDHA 45 CAPS
205531;NEWELL PROTECT SPRAY SOLAR INFANTIL SPF 50 1 SPRAY 100 ml
205555;AVENE TOLERANCE HYDRA10 CR 40
205598;ESOPHACARE 10MLX20STICKS
205616;BOLSA DE AGUA CALIENTE ACOFAR 1 UNIDAD 2 l FORRADA
205988;BEXIDENT FRESH BREATH SPRAY 15
206135;SATIVA CICA-TEX EMULSION 30ML
206193;MUSTELA BABYGEL 750 ML
206482;SUPRADYN ENERGY EFERV 15 COMP
206487;ALMIRON PROFUT2 DUOBIOTIK 800G
206522;INTESTVITA ENZYMES 30 CAPSULAS
206539;BE+ENERGIF REDENSIF CREMA 50ML
206551;HIALIX SPRAY GARGANTA 30 ML
206582;NAN CONFORT 2 800 G
206583;NS VITANS TRIPTOFANO+ NEO 30C
206584;NS VITANS RECOVERY 14SOB
206746;RELEC EXTRA FUERTE XL 125ML
207029;HYPAFIX GASA ADHESIV 2.5CMX10M
207136;FARLINE CR PIES 30%UREA 150ML
207185;ORCEX PDA PARPADOS TUBO 15 GR
207192;FARLINE AMP COLAGENO FLASH 5U
207494;FAJA ABDOMINAL 3 BANDAS TG
207682;FARLINE CERA ORTODONCIA
207790;FARLINE CARAM GARG EUCALIP 12U
207800;RUM VITAGOMIS NI´┐¢OS30
207890;APOSAN CUBRE ESCAYOL MED PIERN
207988;GOIBI XTREME FORTE REPELENTE DE INSECTOS 1 SPRAY 200 ml
207989;GOIBI FAMILIA FORTE REPELENTE DE INSECTOS 1 SPRAY 200 ml
208186;IMUNOGLUKAN P4H 5 DIAS 1 BOTELLA 100 ml
208225;ENNA CYCLE TL+CAJA 2 UN
208227;ISDINCEUTICS RETINAL INTEN 50
208397;TRACTOPON UREA 15% CR 75ML
208486;APOSAN GUANTES LATEX S 50U
208638;FARLINE CHAMPU FORTIFIC 500ML
208656;EMITIUM INMUNOLOGIA 60 GOMIS
208695;FARLINE CREMA DE MANOS BIO 1 TUBO 50 ml
208872;TALQUISTINA CR HIDRATANTE400ML
209663;BE+ENER FLUID P CLA SPF 40ML
209664;BE+ENER FLUID P OSC SPF 40ML
209673;FARLINE MULTIVITAM ENERGY 30 C
209691;VINAGRE DE MANZANA BOTANICAPHARMA 60 CAPSULAS
209743;TEST NASAL COMBINADO AUTODIAGNOSTICO ANTIGENOS SARS-COV-2 Y GRIPE A/B SUNYBIO SUNY (ALEU MEDICAL) 1 UNIDAD
209812;NG CORP LOCION HIDR PROF 400ML
209813;NG CORP LOC HID PROF 750ML 1+1
209815;NG CORP LOC REP INT 750 ML 1+1
209818;NG HB CORP LOC HIDRA GEL 400ML
209820;NG CORP HIDRPROC ACE LOC 400ML
209958;THERMACARE RODILLA 2 uds
209959;OPTIMA NATURE AC RICINO PU4.3G
210167;HANSAPLAST SENSITIVE KIDS 20UN
210168;HANSAPLAST SURTIDO MANOS 20 UN
210204;CAMALEON ESMALTE DE U´┐¢AS 1 ENVASE 6 ml COLOR NARANJA CALDERA
210205;CAMALEON ESMALTE DE U´┐¢AS 1 ENVASE 6 ml COLOR MARRON TOPO
210234;BLEMIL EVOLUTION 1 800 G
210514;RICOLA CARAME SAZ MENTOL 50GR
210584;FARLINE CEP INTERDENT SUPER MICRO 6U
210590;MU´┐¢EQUERA FARMAL METAC T UNICA
210654;FARLINE MELATONINA GUMMIE 60U
210677;AVENE XERACALM A.D. ACEITE 750
210822;FARLINE PASTA KIDS 75ML
210824;FARLINE PASTA JUNIOR MENT 75ML
210870;PROMO PHARMATON COMPLEX 60+60C
210907;BLEMIL EVOLUTION 2 800 G
210908;BLEMIL EVOLUTION 2 1200G
211130;CETAPHIL CREMA ESP LIMP 473ML
211142;APOSAN ESPARAD TRANS MICR2.5X5
211297;ENO ACTIVE LIMON FRASCO 200G
211298;ENO ACTIVE LIMON 5GR 10 SOBR
211379;FUCA NATULIVIA 60 COMP
211382;AERO NET STICKS 12 UNIDADES
211449;ELASTOFIX S T2 - 2.2CM X 25M
211645;JUANOLA JALEA ENERGY 14 SOB
211651;BIRETIX CLEANSER 400ML
211767;TEST RAPIDO DE EMBARAZO ZERENE FERTILITY 1 UNIDAD
211791;FOTOP SUNISDIN PIGMENT 30CAPS
211855;FARLINE ACEITE GLOW 100ML
211857;FARLINE PROT LABIAL 50+ 4.5G
212025;DODOT TOALLITAS PUREAQUA48U
212368;NS DIGESTCONFORT LAX 1 ENVASE 200 ml SABOR CEREZA
212591;HP SECOND SKIN PROTECT REG 6UN
212599;FARLINE CEPILLO CAPILAR RS
212600;FARLINE CEPILLO CAPILAR AZ
212625;NS FLORABIOTIC INMUNITARIO 30C
212652;INMUNOK FAMILY 200 ML
212728;CANNABEN FORTE CREMA 120 ML
212741;NOGLUX 30 CAPSULAS
212911;EUCERIN OIL TINTE CLAR50+ 50ML
212957;REDOXON ADVANCE DEFENSAS GUM60
213039;FOTOP SUNISDIN PIG REFILL 30CA
213042;BE+MED STICK LABIOS REPARA 4GR
213043;BE+MED STICK LAB REP FR BOS4GR
213044;BE+MED ST LAB PR REP SPF30 4GR
213046;EMITIUM ENERGY 60 CARAMELOS DE GOMA SABOR PI´┐¢A
213055;RICOLA SAZ 50G MIEL Y HIERBAS
213145;FARLINE BICARBONATO 500 G
213148;FARLINE ESMALTE TOP COAT 10ML
213223;ZUECO HANKSHOES CONFORT BL 38
213282;FLS PACK FRIO & CALOR MIDI
213283;FLS PACK FRIO & CALOR MAXI
213524;BIE3 OBESILAX INSTANT 24STICKS
213525;MENOPRO 30 COM
213529;CLOGIN ESPUMA INTIMA CLX 150ML
213530;CLOGIN OVULOS CLX 2G 10 UN
213550;FARLINE TOALLIT DESMAQU 25U
213962;FARLINE ESPUMA LIMPIAD 150 ML
213984;FURADERM SPR QUEMADURAS 100 ML
214122;MEPENTOL 60 ML
214192;OPTIBEN OJOS SECOS GOTAS 15 ML
214246;HALLEY SENSITIVE REPELENTE DE INSECTOS 1 ENVASE 100 ml
214283;OZONEST GEL K GEL OFTALM 6 ML
214347;YOVIS KIDS 10 VIALES 10 ML
214381;KIT SINUS RINSE 60 SOBRES
214382;NEILMED SINUS RINSE 50 SOBRES
214383;NEILMED NASOGEL SPRAY 30 ML
214455;KIJIMEA 28CAP
214684;EUCERIN DESODORANTE 24H PIEL SENSIBLE 1 ROLL ON 50 ml
214692;HILO DENTAL LACER EX-SUAV MENT
214710;HELIOCARE SENSATION 50+ 50ML
214732;CLOGIN REPAIR OVULOS 2G 10U
214755;URIEX 30 CAPS
214837;NG CORP CB HIDR PROF 300+300ML
215033;FISIOCREM GEL ACTIVE 200 ML
215052;AVENE DERMABSOLU CR DIA 50 ML
215276;AQUILEA MAGNESIO 56 COMP
215289;FARLINE SERUM PESTA´┐¢AS 9ML
215578;ELECTROLIT BEBIDA AROMATIZADA ELECTROLITICA 1 ENVASE 625 ml SABOR UVA
215581;ELECTROLIT BEBIDA AROMATIZADA ELECTROLITICA 1 ENVASE 625 ml SABOR FRESA-KIWI
215601;PHARYSOL RINOVITEX NASAL 10 GR
215610;FARLINE STOP MAREO 10U
215625;FARLINE COLUT CLORHEXIDI 250ML
215742;NG HYDRO BOOST SPF 50 CR 50ML
215845;FARLINE PASTA SENSIB DEN 125ML
215873;NEOBIANACID LIMON 14COMP
215874;NEOBIANACID LIMON 45 COMP
215917;APOSAN TAPON ESPUMA ML LIMA4U
215918;APOSAN TAPON ESPUMA S RS 4U
215919;APOSAN TAPON SILICON REUT S 2U
215922;APOSAN TAPON ESPUMA CILINDR 4U
215994;SO´┐¢ODINA VALERIANA FORTE 120CO
216165;MEDIA LARGA C.LIGERA CAMEL TG
216281;FARLINE ESMALTE U´┐¢A ROJO 10ML
216288;DONNA PLUS FLORA INT INMU 14CA
216335;IWHITE COLOUR CORREC SERUM
216342;COREGA SUPREME 40G
216422;NUTRIBEN CONFORT 2 800G
216638;DORMINATUR GUMMIES FORTE 30
216699;PASTILLAS GARGANTA MIEL 24 PAS
216906;RHINOMER PLUS 2 125 ML
217317;CARMEX STICK LAB TROPICAL4.25G
217437;NS GINEPROT CISPR FLASH FOR5SO
217485;APOSAN TERMOMETRO DIG JUMBO
217609;FARLINE PARCHE CALOR MULTI 2U
217701;ZZZQUIL SUE´┐¢O TODA LA NOCH28CO
217780;SENSODYNE DOBLE ACCION
217998;FARLINE HIDRATANT VULVAR 30ML
217999;FARLINE LUBRICANTE INTIMO 30ML
218369;KALEIDON KOLICARE 8 ML
218622;IRALTONE AGA 5ALFA SUPRE 60CAP
218788;DODOT SEN CARRYPACKT2 4-8KG58U
218852;APOSAN GLUCOMETRO BG-709
219017;SUPRADYN ENERGY DOBLE ACCION
219034;APOSAN SUERO FISIOLOG 1000ML
219077;XILABIOTIC 15 CAPSULAS
219078;XILABALANCE 30 CAPSULAS
219079;XILAINTIM 7 CAPSULAS
219365;RICOLA BOLSA 70G MIEL Y HIERBA
219491;FARLINE CEP DENT PRECISION MED
219492;FARLINE CEP DENT PRECISION SUA
219594;NEOBIANACID LIMON 70 COMP
219757;OPTIBEN IRRITACION OCULAR FRAS
219774;EMOLIENTA U´┐¢AS CR 15 ML
219783;CICACTIV GEL CICATRIZANTE
220071;FLAVIA LIBITAL 30 COMP
220234;FARLINE CC CREAM MEDIO 30 ML
220835;FARLINE BEBE BIBERON 360ML RAP
221235;FARLINE PERFUM FRESH TEA 100ML
221236;FARLINE PERFUM SECR GARD 100ML
221277;VITAMIN C NATURCOMPLEX 14 COMP
221278;VITAMIN C NATURCOMPLEX 30 COMP
221406;FARLINE LOC HIDRATAN NAR 100ML
221664;FERTYBIOTIC RECEPTIVE 30CA+30S
221738;DIORREN STOP&GO 10 SOBRES
221747;INDASEC DISCREET MAXI 15 UN
223410;RICOLA MAX CEREZA 68G BOLSA
226E0012;226ERS ENDURANCE BAR BCAAs - MANZANA & CANELA
226E0036;226ERS ENDURANCE BAR CHOCOLATE NEGRO 60GR
226E0067;226ERS ENDURANCE BAR CHOCO BITS & FRESA 60GR
226E0082;226ERS PROTEINA ISOLATED CHOCOLATE 1 KG
226E0083;226ERS PROTEINA ISOLATED VAINILLA 1 KG
226E0227;226ERS ENERGY GEL BIO 25G LIMON CAFEINA 25MG
226E0302;226ERS SUB9 SALTS ELECTROLYTES DUPLO
226E0399;226ERS HIGH ENERGY GEL BANANA 76gr 1 UD
226E0400;226ERS HIGH ENERGY GEL BCAAS NARANJA 76gr 1 UD
226E0405;226ERS ISOTONIC GEL SANDIA 68gr 1 UD
226E0410;226ERS HIGH ENERGY GEL NEUTRAL 76gr 1 UD
226E0411;226ERS HIGH ENERGY GEL SALTY FRESA 76gr 1 UD
226E0413;226ERS ISOTONIC ICE GEL MENTA Y ARANDANOS 68gr 1 UD
226E0414;226ERS ISOTONIC ICE GEL MENTA 68gr 1 UD
226E0524;226ERS NIGHT RECOVERY CREAM CHOCOLATE 500GR
226E0525;226ERS NIGHT RECOVERY CREAM CHOCOLATE 1000GR
226E0966;226ERS SALTS ELECTROLYTES 100 CAPSULAS
226E1004;226ERS SUB9 SALTS PRO ELECTROLYTES BOTE 100UDS
226E1102;226ERS RECOVERY DRINK VAINILLA MONODOSIS 50GR
226E1133;226ERS ENERGY DRINK FRUTOS ROJOS 1000GR
226E1205;226ERS FISH OIL OMEGA 3 120 CAPSULAS BLANDAS
226E1207;226ERS VEGAN MAGNESIUM BISGLYCINATE 90 CAPSULAS
226E1210;226ERS VEGAN SYMBIOTIC COMPLEX
226E1211;226ERS GLUTAMINA POLVO 300 GRAMOS
226E2276;226ERS RACE DAY BAR BCCAS MANZANA & JENGIBRE 40GR
226E2611;226ERS 6.4 AMINO + 120 CAPSULAS
226E2664;226ERS RECOVERY DRINK CAPUCCINO 1000GR
226E3051;226ERS SUB9 RACE DAY LEMON 87.5 GR
226E3200;226ERS CREMA DE CACAHUETE 320GR
226E3367;226ERS HIGH FRUCTOSE GEL 80 GR NEUTRO 1 UD
226E4799;226ERS RACE DAY SALTY TRAIL ALMENDRAS Y SEMILLAS 40gr
226E5123;226ERS BIDON BLANCO 1L 1 UD
226E5124;226ERS BIDON SUPERLIGHT HYDRAZERO 550ML 1 UD
226E5125;226ERS BIDON BLANCO 550ML 1 UD
226E5126;226ERS BIDON SUPERLIGHT HYDRAZERO 750ML 1 UD
226E5127;226ERS BIDON BLANCO 750ML 1 UD
226E5128;226ERS BIDON THERMO 750ML 1 UD
226E5897;226ERS HIGH FRUCTOSE GEL 80 GR FRESA 1 UD
226E5898;226ERS HIGH FRUCTOSE GEL 80 GR BANANA 1 UD
226E5899;226ERS HIGH FRUCTOSE GEL 80 GR CAFEINA CHERRY 1 UD
226E5900;226ERS HIGH FRUCTOSE GEL 80 GR LIMON 1 UD
226E5901;226ERS HIGH FRUCTOSE GEL 80 GR GALLETA LOTUS SPECULOOS 1 UDR GALLETA LOTUS SPECULOOS 1 UD
226E5979;226ERS VEGAN OAT BAR FRESA & ANACARDO 50GR 1UD
226E6562;226ERS NITRO PRO SABOR REMOLACHA 290 GRS 1 UD
226E7707;226ERS ENERGY SHOT STICK EXTREME BLUE ENERGY 250MG CAFEINA 60ml
226E7708;226ERS ENERGY SHOT STICK EXTREME BANANA 250MG CAFEINA 60ml
226E9876;226ERS HYDRAZERO CHEW SALTS LIMON 13 COMPRIMIDOS MASTICABLES
226E9880;226ERS HYDRAZERO FRESA 20 COMPRIMIDOS EFERVESCENTES
226E9881;226ERS HYDRAZERO LIMON 20 COMPRIMIDOS EFERVESCENTES
228163;RHINODOUCHE SAL 40 SOBRES
228742;DEPRESORES DE MADERA JOSE MESTRE 100 UNIDADES
231845;COLD-HOT FRIO-CALOR MINI 11X12
234791;CHELIDON 60 COMP
238775;ANTHELIOS UVAIR 50+ 40 ML
239693;CORTAU´┐¢AS PEDICURA CDEPOSITO
239695;LIMA U´┐¢A CUADRUPLE FIBRA VIDR
240515;MU´┐¢EQUERA AJUST FUTURO SM
241153;SUERO FISIOLOGICO ESTERIL ACOFAR 30 MONODOSIS 5 ml
242263;AGUA DE ROSAS PEDEMONT 500ML*
242792;PINZA BETER EMPAVONADA 24003
244107;BIORALSUERO NARANJA 2X330 ML
244392;EFFACLAR DUO+M PARCHES 22U
246439;COSMECLINIK BASICO FLUID RENOV
251977;PROTECT JUANETE SILIC 264L
251978;PROTECT JUANETE SILIC 264S
256551;INTERPROX 4 MAXI CEPILLOS PLUS
257337;GINGILACER FLUOR PASTA 75 ML
258233;TIRITAS SENSITIVE ELAST 1X8 CM
259572;WELEDA CR PA´┐¢AL CALENDULA 75
262717;AVENE HYDRANCE EMUL LIGERA 40
262832;BLEFARIX 30 ML
263236;PROFIL DUREX EASY ON EXT SEG12
266437;OPTICHAMBER MASCARILLA ADULTOS
268243;DERMALIBOUR+BARR CR PROT 100ML
268714;SRO FISIOLOG CINFA 20 UNIDOSIS
269845;TIRA NASAL BREATHE RIGHT 30PQ
269860;CARIAX GINGIVAL COLUTOR 500 ML
283734;SORIA NATURAL PROPOLIN 48 COMPRIMIDOS
292870;ARKOCAPSULAS ANANAS 84 CAPS
300103;MARTIDERM DRIOS DES INT ROLLON
300319;TIRA NASAL BREATHE RIGHT 30GD
300855;INTERPROX 6 CEPILLOS CILINDR
303925;TRICONAILS CR U´┐¢AS 30 ML
304683;CONTROL PRESERVATIV NATURE 24U
306233;TIRA NASAL BREATHE RIGHT 10PQ
306282;UNGLAX 5 CR NUTRITIVA 15 ML
308548;EFFACLAR ISOBIOME CR LIMP 390
308757;COMPLIDERMOL 5 ALFA 60 CAPS
309468;PANTY JOBST 70 NEGRO T4
310387;GAFA LORING CLUB +3.50
313553;SELENIO NM 90 CAPS
313973;DERMIUREA 10% 200 ML
314005;TAR-PLUS 500 ML
314021;TAR-PLUS 200 ML
315253;COMPRESA FARMACONF DIA ALA 10U
316751;CODERA-BANDA EPICOND FARMAL M
316753;CODERA-BANDA EPICOND FARMAL P
316927;LIPPEN DESOD ROLL ON 75 ML
317669;PERA CORYSAN TODO GOMA 4
317677;PERA CORYSAN TODO GOMA 2
318816;DUCRAY CHAMPU ARGEAL 200 ML
320320;INTERPROX GEL DENTIFRICO 20 ML
323394;ISDIN AFTER SUN EFECT INMED200
323923;HALITA ENJUAGUE BUCAL 500 ML
324591;ACNIBEN LIMPIADOR PURIF 150
324592;ISDIN TEENSKIN ACNIBENGEL-CR40
324871;ZUECO HANKSHOES MICROMAS AZ 41
326487;REPAVAR OTC CR 125 ML
326652;AVENE MASCARILLA HIDRA 50 ML
326785;PH5 EUCERIN LOC 1000 ML
328249;AFTEX GEL ORAL 15 ML
330671;BEPANTHOL PDA PROT BEBE 50 G
331868;MEDIA FARMALASTIC COR NOR MD
331876;MEDIA FARMALASTIC COR NOR PQ
333518;HIPOSUDOL ROLL ON 50ML
333898;PARCHES CALLOS SCHURZ
333914;ANILLOS CALLOS SCHURZ REDONDO
335844;ENFAMIL 1 PREMIUM 800 GR
337922;ESPARAD LEUKOPLAST RS 5 X 2.5
339408;ENVASE DE RECOGIDA DE MUESTRAS ACOFAR 1 UNIDAD
339812;PON EMO COLAGENO 1000 ML
340562;AQUILEA TRANQUIL 40 SOBR
342199;OLIOVITA 60CAP
342261;PERIO AID COLUT MANTENIM 500
342907;ZUECO HANKSHOES MICROMAS AZ 40
345082;FOTOULTRA ISDIN F90 ULT CR 50
345199;DERCOS CHAMPU ANTICAS-GRAS 200
345819;KLORANE CHAMPU SECO AVENA 150
348466;CEPILLO VITIS MONOTIP
348565;ALCOHOL 96´┐¢ ACOFAR 1 FRASCO 250 ml
350868;MANZANILLA DUL LEONESA 10BOLS
353358;BIE 3 ROOIBOS NARAN 25 BOLS
355107;NUTRIBEN CR ARROZ 300 G
358598;DERMAPLAST ACTIVE SPORT TAPE
365502;ENRELAX SEDO RELAJ 20 BOLS
365742;ANTIPIOX LOCION ANTIPIOJOS 150 ML
368100;NIDINA 2 800G
369777;NUTRIBEN TERNERA CON VERDURA 1 POTITO GRANDOTE 250 g
370429;TAPONES OIDOS NOTON AGUA 2 UN
370528;BEPANTHOL CREMA 30 GR
370601;NEUSC P ROSA PASTILLA
374116;TIRITAS PLAST 100X6 CM
376905;ARKOCAPSULAS GLUCOMANANO 80CAP
379172;CUCHARA NUK MAGIC 2 UN
379743;JGA-AGUJA ICOSTERIL 20 ML 40X8
380865;GERMISDIN 1000 ML
380899;ISDIN AFTER SUN 200 ML
382127;SENSILUBE DUREX LUBRICANT 40ML
384032;CUCHARA SUAVINEX INFANTIL 2 UN
384040;HILO DENTAL ORAL-B FLUOR-MENTA
385740;GERMINAL ACCION INMEDIATA AMP
390500;ANTHELIOS CONT FLUI COL50+ 50
392613;HYALU B5 SERUM OJOS 15 ML
394429;SQUANORM ZINC LOCION 200 ML
395715;MERITENE VAINILLA INST 15 SOB
398909;GLUCOSPORT COMPLET 20 AMP BEB
399402;MUSTELA ACEITE MASAJE BEBE 100
400079;MEDIA COR CPU C.F BG T.M 1UD
400096;LAMINA CERAPLUS AR45 13X25MM5U
411314;MEDIA LARGA FTE BLOND P.A T.M
417303;VENDA CAMBRIC LUSAN 10X10
434985;ESPARAD LEUKOPOR 5X2.5
441444;MU´┐¢EQUERA FARMALASTIC PQ
441451;MU´┐¢EQUERA FARMALASTIC MD
441469;MU´┐¢EQUERA FARMALASTIC GD
442657;CODERA VENTUBEL T 1
451989;BOLSA ORINA RECO LISUBEL 2L30U
456269;PANTY PREMAMA C.FUERTE BG T.1
456277;PANTY PREMAMA C.FUERTE BG T.2
458117;CONVAMAX SUPERABS NADH 15X15
460261;INCOPACK ANAT DIA 80 UN
462515;LINDOR ANAT EL SNOCH GD 80 UN
462887;BOLSA ORINA PIERNA BE 500CC30U
463380;COLOPLAST SIST IRRIGAC R 12830
463711;MEDIA FARMALAS COR FTE PQ
463794;PANTY FARMALASTIC FTE PQ
463984;ORLYS PANTS DIA PEQUE´┐¢O 40 UDS
464362;COLOPLAST MANGAS CONSEAL 12836
471243;INCOPACK PANT TG DIA 80
471482;INCOPACK PANT TM NOCHE 80
471615;INCOPACK RECT SNOCH ULT-80
471920;SERENITY SLIP T XGR 80UDS DIA
476242;ABS PANTS SNOCHE MEDIANO 80UI
478321;INCOPACK PANT TM DIA 80
478578;ALLEVYN GENTLE 10X10 3UN
480277;URGOCLEAN AG 15X15 3UD
482471;SERENITY SENSE PANTS M DIA 80U
483008;SERENITY SENSE PANTS M NOCH80U
484006;ALGODON APOSAN ARROLL PURO1000
486308;SERENITY SLIP T XGR 80UD SNOCH
488353;APOSAN GASA MEDIO METRO
489039;MEDIA FARMAL FT LAR BLON PQ
490748;LINDOR ANAT EL NOCH GD 80UN
491118;OPTICLUDE PLUS 20 PARCHES GD
492314;MASTER AID ORTOP SKIN JUN 20U
492991;CALCETIN FARMALAS FTE NE EG
493980;NEVOO PASTILLERO PALERMO 3
495804;CP CVX CR MIDI OP KIT 45MM
496018;URGOSTART PLUS 15X15 3 APOS
496067;AQUACEL AG 15X14.5 3 APOSITOS
498121;MEDIA LARGBLON C.F BG T.P 1UD
498147;MEDIA LARGBLON C.F BG T.G 1UD
498154;MEDIA LARGBLON C.F BG T.EG 1U
498857;SERENITY SLIP T MED 80UD NOCH
499657;VENDA COHES FARMAL BG 4.5MX10CM
501965;DAMIRA 2000 400 G
502468;NUTAVANT FIBRA VAIN 250 1X24
502906;FORTIMEL 1.5KCAL PLAT200ML1X24
504296;FORTIMEL COMPACT VAINILL24X125
504327;NUTAVANT ESPESANTE BOTE 250G
504649;FRESUBIN RENAL VAIN 24X200ML
504677;TDIET HP SIN FIB VAIN 24X200ML
504721;FRESUBIN ENERG DR MULT24X200ML
504724;FRESUBIN THICKENED MUL24X200ML
504939;FRESUBIN ESPESANTE NEUTRO 150G
505091;BI1 ALISENOC VAIN 36X200ML
505173;ENSURE PLUS ADVAN MULT30X220ML
505221;MERITENE CLINICAL CAFE24X200ML
505263;NUTRIBEN ARROZ HIDROL 400G
505272;VSTART ADV MULT3 32X200ML
505290;MERITENE CLINICAL NEUT24X200ML
505628;MERITENE CLINI EXT PRO24X200ML
505667;FORTIMEL DIAB PRO MULT24X200ML
570017;CLAVUBAY SABOR 400/100 mg 20 COMPRIMIDOS PARA PERROS
570235;ADVANTIX 4-10 KG 4 PIPETAS
570237;ADVANTIX 10-25 KG 4 PIPETAS
570829;EQ-ZONA 16 SOBRES 5 GRAMOS
570972;METACAM 0.5MGML 15ML SUS ORAL
571007;FRONTLINE COMBO GATO 3 PIPETAS
571030;FRONTLINE SPRAY 100 ML
571045;NICILAN 20050 MG 1 CAJAX12COM
571330;ITRAFUNGOL 10 MG SOL.ORAL 52ML
571737;OPTIMMUNE PDA 3.5 G VET
573406;MELOXIDYL 1.5 MGML 10 ML
574202;CLAVASEPTIN 50MG 10 COMP
575266;PANACUR 250 MG 10 COM
575269;PANACUR 500 MG 10 COM
575349;SCALIBOR 0.76 G PERRO PEQUE´┐¢O
575990;PREVICOX MASTIC 227MG 10COMP
576285;CERENIA 24 MG 4 COM
578286;VERAFLOX SOL. ORAL 15 ML GATOS
578392;BANACEP 20 MG 56 COM
578403;SERESTO COLLAR PERRO > 8 KG
578932;KESIUM 20050 MG 8 COM PERRO
579294;SEMFORTAN 1X10ML PERRO Y GATO
579537;CARDISURE 5 MG 100 COM
581021;KESIUM 500125 MG 12 COM PERRO
582265;LIBEO FUROSEMIDA VET 10MG 120C
582393;BRAVECTO PERRO 4.5-10 KG 1 COM
582396;BRAVECTO PERRO 10-20 KG 1 COM
582399;BRAVECTO PERRO 20-40 KG 1 COM
583361;PEDEROL SPRAY 20 MGG 250 ML
583531;ADOCAM 1,5 mg/ml SUSPENSION ORAL PARA PERROS 1 FRASCO 10 ml
583692;FRONTLINE TRI-ACT 10-20KG 3PIP
583726;MILPRO GATOS 16MG40MG 4 COM
583808;FUNGICONAZOL 400MG 10COMP
583922;FUROSORAL 10MG 50COMP
584174;AMOXIBACTIN 50MG 10 COM
584187;AMOXIBACTIN 250 MG 10 COM
584200;AMOXIBACTIN 500 MG 10 COM
584275;NEXGARD SPECTRA 30-60 KG 3 COM
584848;MELOXIDYL GATO 0.5 MGML 5 ML
585224;CEFASEPTIN 750 MG 12 COMPRIMID
585585;UPCARD 3 MG 30 COM
585931;CEFABACTIN 500 MG 10 COM
586189;RECICORT 20ML GOTAS OTICAS
586636;DOXYBACTIN 50 MG 10 COM
586640;DOXYBACTIN 200MG 10 COM
586666;OPHTOCYCLINE POMADA 10MGG 5G
587364;CORTAVANCE 0.58MGML 76ML HDPE
587728;CLINDABACTIN PG 55 MG 10 COM
588009;METROVIS PERRO GAT 100MG 10COM
588015;METROVIS PERRO GAT 250MG 10COM
588021;METROVIS PERRO 750MG 8COM
588406;ONSIOR 10 MG 30 COM
589409;CYLANIC 250 62.5MG 10COMP
589460;VETBROMIDE 600 mg 60 COMPRIMIDOS PARA PERROS
589612;APOQUEL MASTICABLE 16MG 20CPD
590115;ADTAB 48 MG GATOS 2-8 KG 1 CPD
590124;ADTAB 225MG PERR 5.5-11KG 1CPD
590388;CLAVUSAN 5012.5 MG 10 COMPR
590398;CLAVUSAN 500 mg + 125 mg 10 COMPRIMIDOS PERROS
591970;ZENRELIA TAB 15MG X30BLCD GQ
616466;BUPIVAC INYECT 0.50%100A10ML(H
622555;SOLUC LACT RINGER HART10X500ML
635656;CLORURO CALCICO 10% 10ML 100UD
650151;TORASEMIDA STADA 5 MG 30 COM
650242;PDA ANTIBIOTICA LIADE 15 G
650438;TANTUM VERDE LIMON 20 PAST
650583;FLUCONAZOL NORMON 50 MG 7 CAP
650607;VALSARTAN HCTZSAND16012.5MG28
650763;VALSARTAN SANDOZ 80 MG 28 COM
650902;ANTICATARRAL EDIGEN 20 SOBR
650915;REMINYL 8 MG 28 CAPS
650916;REMINYL 16 MG 28 CAPS
651321;CITALOPRAM NORMON 20 MG 28 CO
651350;RISPERIDONA CINFA 1MG 60COM
651444;PAZITAL 37.5325 MG 60 COMP
651460;SIMVASTATINA RATIO 20 MG 28 CO
652442;VAQTA 25U0.5ML 1JGA + 2AGJ IN
652661;TAMSULOSINA RATIO 0.4MG 30CAPS
652890;AZITROMICINA TEVA 250 MG 6 COM
653049;NITROFIX 5MG 30 PARCH TRANS
653282;CETIRIZINA RATIO 10MG 20COM
653405;DENVAR 100 MG SUSP 100 ML
653423;DIPRODERM 0.05% CR 30 G
653424;DIPRODERM 0.05% PDA 30 G
653694;POSTINOR 1500 MCG 1 COMP
653751;GLIMEPIRIDA NORMON 4 MG 30 COM
653788;VENLAFAXINA NORMON 37.5MG 60CO
653886;ZUANTRIP 0.4 MG 30 CAPS
653935;NEUPRO 2 MG 28 PARCHES
654112;COLCHIMAX 60 COMP
654400;SO´┐¢ODOR 10 COMP
654402;DUOTRAV 40 MCG COLI 2.5 ML
654435;GENOXAL 50 MG 20 COMP RECUBIER
654683;FLUCONAZOL CINFA 150 MG 4 CAPS
654776;VYTORIN 10MG40MG 28 COM
654805;LUMINAL 200 MG 10X1ML
654845;SEVIKAR HCT 401025 MG 28COM
654846;BALZAK PLUS 401025MG 28 CO
655882;NUROFEN 400 MG 12 COMP REC
655891;DOXAZOSINA NEO STADA 4MG 28COM
656006;LIOFORA 0.023 MG 21 COMP
656116;KONAKION PED 2 MG 5X0.2 ML
656238;GLUCOSAMINA CINFA 1500MG 30SOB
656560;MYSOLINE 250 MG 100 COMP
656585;WARTEC SOLU 3 ML
656636;PEITEL PDA 30 G
656720;DEPRELIO 25 MG 30 CAPS
656810;DIPROSALIC PDA. 30G
658126;MOMETASONA KORH 0.1% SOL 60 ML
658198;NICOTINELL 14MG24H 14 PARCHES
658226;CLOBEX 500 MCGG CHAMPU 125 ML
658270;ITNOGEN 2% GEL 60 G (MC)
658583;FENDIVIA 12 MCGH 5 PARCHES
658621;ASTEFOR 40030 MG 30 COMP
658668;ADOLONTA RETARD 50 MG 20 COM
658669;ADOLONTA RETARD 50 MG 60 COM
658837;ALACAPSIN 0.075% CR 50 G
658970;OLANZAPINA STADA 5 MG 28CO
659075;FORMODUAL 1006 MCG 120 DOSIS
659096;OLANZAPINA CINFA 2.5MG 28CO
659117;OLANZAPINA NORMON 10MG 28CO
659185;TRADONAL RETARD 50 MG 60 CAPS
659329;RIGEVIDON 15030 MCG 21 COM
659373;PERGOVERIS 150UI75UI 1 VIAL
659698;BOREA 160 MG 30 COMP
659726;CINFAMAR CAFEINA 10 COMP
659730;DIAZEPAN LEO 2 MG 30 COMP
659889;TAMIFLU 30 MG 10 CAPS DURAS
660082;ONDANSETRON NORMON 4 MG 6 COM
660104;INDAPAMIDA RET KERN 1.5MG 30CO
660392;ATORVASTATINA CINFA 80MG 28CO
660466;MAYESTA 10 MG 50 CAPS
660477;IBUPROFENO ARG KERN 600MG 40SO
660617;SEROQUEL PROLONG 300MG 60CO
660684;OSVAREN 435 mg/235 mg 180 COMPRIMIDOS RECUBIERTOS
660697;IBUPROFENO ARG NORMO600MG20SO
660910;PULMICORT TURBUHAL 100MCG 200D
660933;LAMBDALINA 40 MGG CR 5 G
660937;LAMBDALINA 40 MGG CR 30 G
661219;PARACETAMOL QUALIG 1G 20 CO EF
661472;INDAPAMIDA RET CINF 1.5MG 30CO
661496;BOREA 160 MG 30 SOBR
661502;FORTECORTIN 8 MG 30 COMP
661615;EKISTOL 100 MG 56 COMP
661855;PLURALAIS 10 MG 28 COM
661974;VALSARTAN CINFA 80 MG 28 COMP
662064;SINGULAIR 5 MG 28 COMP
662085;ZOMARIST 50 MG1000 MG 60 COMP
662096;PARACETAMOL TEVA 650 MG 20 COM
662442;EVIANA 0.5 MG0.1MG 28 COMP
662711;RANEXA 375 MG 60 COMP
663122;FERROPROTINA 80 MG 15 SOBR
663544;PANTOPRAZOL CINFA 20M 28CO BLI
663756;MINOXIDIL VI´┐¢AS 5% SOL 180 ML
663991;ACECLOFENACO NORMON 100MG 20CO
664078;ARICEPT 5 MG 28 COMP
664156;AMLODIPINO MABO BD 5 MG 30 CO
664160;ACOXXEL 60 MG 28 COMP
664161;ACOXXEL 90 MG 28 COMP
664443;ARKOCAPSULAS PASIFLORA 45 CAPS
664617;FENTANILO MATRIX CINFA 50MC 5P
664714;SALAGEN 5 MG 84 COMP
664945;FAMCICLOVIR NORMON 125 MG 10CO
664952;ARKOCAPSULAS COLA CABALLO 100C
665251;DORMIREL CINFA 25 MG 16 CO
665434;IRBESARTAN HCTZ NORMON 150MG28
665668;NICORETTE ICE MINT 2 MG 105 CH
665772;ELONVA 100 MCG 1 JGA 0.5 ML
665810;EFFERALGAN 30 mg/ml SOLUCION ORAL 1 FRASCO 90 ml
665975;ENTACAPONA TEVA 200MG 100COM
666248;NUCLEO CMP FORTE 30 CAPS
667451;PREVENCOR 40 MG 28 COMP
667572;INSUCOR 5MG 28COMP
668073;DROSURELLE DIARIO 28 COMP
669051;ZARATOR 40 MG 28 COMP
669069;ZARATOR 20 MG 28 COMP
669515;IMIGRAN INTRANASAL 20 MG 2 PUL
669523;IMIGRAN INTRANASAL 10 MG
669572;SERACTIL 400 MG 30 COMP
669960;NEOBRUFEN 600 MG 40 SOBR EFERV
671628;OVESTINON CR 15 G
671976;CLEXANE 60 MG 2 JGAS
671996;CLEXANE 40MG4000UI 2JGAS 0.4ML
672001;HIBOR 7500 UI 0.3 ML 2 JGA
672002;HIBOR 5000 UI 0.2 ML 30 JGA
672003;HIBOR 5000 UI 0.2 ML 2 JGA
672020;MANIDON RETARD 180 MG 60 COMP
672021;MANIDON RETARD 120 MG 60 COM
672088;OFT CUSI CLORANF 1% 3 G PDA
672541;RABEPRAZOL CINFA 20MG 28COMP
672587;PROFER 40 MG 30 COMP SOLUBLES
672718;BUDESONIDA ALDO 200 MCG 120 DO
672975;SENIORAL INF JBE 150 ML
672989;LOBIVON PLUS 5MG25MG 28 CO
673109;LERZAM 20 MG 28 COMP
673150;PANTOPRAZOL RATIO 40MG 28 COMP
673633;ENALAPRIL HCTZ NORM2012.5MG28
673774;TELMISARTAN NORMON 20MG 28CO
674878;OPENVAS PLUS 4012.5 MG 28 COM
674888;OLMETEC PLUS 4012.5 MG 28 COM
674892;OLMETEC PLUS 4025 MG 28 COMP
674960;CEFTRIAXONA NORMON 250 MG IM
675294;CLEXANE 80 MG 30 JGAS
675601;VALSARTAN NORMON 320 MG 28 COM
676091;SEROQUEL PROLONG 50 MG 10CO
676124;DURFENTA 25 MCG 5 PARCHES
676925;SOLUDRONATE SEMAN 70MG 4X100ML
677204;ILVIGRIP POLVO SOLUC ORAL 10SO
677282;PALEXIA 50 MG 30 COMP
677430;MENOPUR 1200 UI POLVO
677431;MENOPUR 600 UI 1 VIAL + 1 JGA
677602;COMBIPRASAL 0.5MG2.5MG SOL
677630;AC IBANDRONICO KERN 150MG 3 CO
677989;ZADITEN COLI 5 ML
678588;CAPENON HCT 40525 MG 28 COM
679042;CAPENON HCT 20512.5MG 28 COM
679548;MST CONTINUS 15 MG 60 COMP
679561;DEFLAZACORT CINFA 6 MG 20 COM
679946;TEGRETOL 200 MG 100 COM
679951;TRIALMIN 900 MG 30 COMP
679953;ALOCARE 1 MG 28 COMPRIMIDOS
680380;CLARITROMICINA U KER 500MG14CO
681232;MONTELUKAST NORMON 5MG 28CO
681785;CINFADOL 11.6 MGG GEL 60G
682433;CITARABINA ACCORD 100 mg/ml 1 VIAL SOLUCION INYECTABLE Y PARA PERFUSION 5 ml
683490;CINFAMAR 50 MG 10 COMP
683508;CINFAMAR 50 MG 4 COMP
683664;ENEMA CASEN INF 80 ML
683979;DURACEF 250 MG SUSP 60 ML
684582;ZOLAFREN OLANZA 5MG 28CA
684706;SALOFALK 3 G 60 SOBR
685174;DOLQUINE 200 MG 60 COM
685399;ZOELY 2.5MG1.5MG 28COM
685618;MOVICOL NEUTRO 13.7G 30 SOBRES
685650;DOXAZOSINA NEO CINFA 8MG 28COM
685719;ZOLADEX DEPOT 3.6 MG JGA
686077;ESOMEPRAZOL CINFA 20 MG 14 COM
686083;ESOMEPRAZOL CINFA 40 MG 14 COM
687110;ZOLMITRIPTAN NOR 2.5MG 6CO BUC
688058;BUCCOLAM 10 MG
688288;ASTEFOR 40030 MG 30 SOBRES
688547;DESLORATADINA RATIO 5 MG 20 CO
688661;CAPTOR 75650MG 20COM
688662;CAPTOR 75650MG 60COM
688702;GLYCILAX LACTANTES 10 SUPOS
688722;FOSFOMICINA KERN 3G 2 SOB
689188;PHARMATUSGRIP 10SOB
689729;FLIXOTIDE ACCUHAL 100 MCG 60
689965;FOSFOMICINA STADA 3G 1SOB
690123;BATMEN CR 60 G
690143;ATACAND 8 MG 30 COMP
690172;BATMEN PDA 30 G
690273;FLUCONAZOL COMBIX 100 MG 7 CAP
690792;ESKAZOLE 400 MG 60 COMP
691099;EPLERENONA NORMON 50 MG 30 COM
691204;SEGURIL 20 MG 5X2 ML
691349;ETINILDROSP STADA0.023MG28CO
691449;EQUASYM 20 MG 30 CAPSULAS
691475;ANTIN 0.03MG3MG 21COM
691747;TRAMADOL RE NORMON150MG60CO
692106;EPLERENONA STADA 50 MG 30 COMP
692237;GABAPENTINA CINFA 600MG 90 COM
692466;EBASTINA NORMON 10MG 20CO BUCO
692468;EBASTINA NORMON 20MG 20CO BUCO
692667;RIZATRIPTAN VISO 10MG 6 COMP
692715;LEVETIRACETAM NORM 100MG 300ML
692740;LEVOBEL 1 X 21 COM
692897;ZYRTEC SOLU 200 ML
693321;MUCOSAN RETARD 75MG 10 CAPS
693482;RISPERIDONA VIATR 0.5MG 56CO(E
693572;EMCORETIC 10 MG 28 COMP
693699;CALCIOVI D3 SDZ1000MG880UI30
693805;CEFIXIMA NORMON 200MG 21CAP
694023;CEFUROXIMA NORMON 250MG 10CO
694024;CEFUROXIMA NORMON 250MG 15CO
694058;DOXICLAT 100 MG 42 COMP
694125;POSITON POMADA 30G
694372;ANGIODROX RET 90 MG 60 CAPS
694380;ANGIODROX RET 90 MG 30 CAPS
694596;LIPLAT 20 MG 28 COMP
694672;VALACICLOVIR COMBIX 500MG 42CO
695205;ZELIDERM CR 30 G
695552;STREFEN 8.75MG NARANJA 16 PAST
695569;RETIRIDES 0.100% CR 30 G
696701;RIZATRIPTAN FLAS CINFA10MG2CO
696871;INNOHEP 18000 UI 0.9ML 10 JGA
696899;EQUASYM 40 MG 30 CAPSULAS
697289;DURACEF 500 MG 28 CAPS
697422;LEPONEX 100 MG 40 COM
697444;INNOHEP 3500 UI 0.35ML 10 JGA
697446;INNOHEP 4500 UI 0.45ML 10 JGA
697513;ETILDROSP STADA0.023MG3X28CO
697626;UROREC 8 MG 30 CAPS DIF
697648;LUMIGAN 0.3MGML SOL0.4ML 30MO
697661;NOTUS ANTITUS MIELLIMON 10MG
697871;SELINCRO 18 MG 14 COMP
698371;ELVANSE 30 MG 30 CAP
698377;ALMOTRIPTAN NORMON 12.5MG6CO
698671;JUANOLGAR PULV 0.51 MG 15 ML
698788;LEVOTIROXINA SANOFI 75MCG100CO
699822;PRAMIPEXOL NORMON 2.10MG 30COM
700019;XOTERNA BREEZHALER 8543MCG 30
700507;BETNOVATE 0.1% SOL CAP 30 G
700513;SEIDIGESTAN 100 MG 30 CAPS
700539;SERETIDE 50500 ACCUHAL 60ALV
700550;CITORSAL 5 BOLSAS POLVO
700554;TRILOMBRIN 250 MG 6 COM
700580;SINEMET 25250 MG 60 CO
700642;KENTERA 3.9 MGDIA 8PARCHES
700668;FURANTOINA 50 MG 42 COM
700677;HAVRIX 1440 UI 1JRG 1ML
700704;TESTEX PROLONGATUM 250MG 1AMP
700706;TRANDATE 100MG 30COM
700713;AKINETON RET 4 MG 20 COM
700726;VERSATIS 700 MG 30 APO
700755;ULTRA LEVURA 250 MG 20 SOBRES
700768;AUXINA A+E 30 CAPSULAS
701120;VIRIREC 3MGG CREMA
701283;IMUNOCARE CR 5% 24SOBRES 250MG
701388;REGAXIDIL 20MGML 120 ML
701578;TAVONIN 120 MG 30 COMP
701717;FLUTIFORM 1255MCG PU 1AE 120D
701773;CECILIANA DIARIO20.03MG3*28CO
701918;ESCITALOPRAM FLAS CINFA20MG28C
702118;AZITROMICINA KERN 500 MG 3 COM
702421;INVOKANA 100 MG 30 COMP
702593;CINFAMUCOL CARBO 750MG 12SOB
702683;JARDIANCE 25 MG 30 COMP
702710;BEMFOLA 150 UI0.25 ML 1 PLUMA
702714;BEMFOLA 225 UI0.375ML 1 PLUMA
703004;BISOPROLOL CINFA 5MG 28COMP
703171;VOKANAMET 1501000MG 60 COMP
703191;NORMOSTOP 50 MG 12 COMP
703563;IBIS 20 MG 20 COMP DIF
704070;BRONCHOSTOP SOLUC ORAL 200 ML
704107;ORVATEZ 1020 MG 30 COMP
704171;MAXALT 10 MG 6 COMP
704315;ATOZET 1080 MG 3X10 TABLETAS
704500;PREGABALINA CINFA 75MG 56CAP
704738;PREGABALINA KERN 25MG 56CAP
704863;INNOHEP 8000 UI 0.4 ML 10 JGA
705067;TRANKIMAZIN 2 MG 30 COMPRIMIDO
705108;OVALEAP 450UI0.75ML 10 AGUJAS
706042;XADAGO 50 MG 30 COM
706118;MAGNESIA LAINCO 200MGML 220ML
706387;ROSUVASTATINA KERN 5MG 28COM
706388;ROSUVASTATINA KERN 10MG 28COM
706389;ROSUVASTATINA KERN 20MG 28COM
706454;PREGABALINA NORMON 100MG 84CAP
706509;VIACORAM 3.52.5 MG 30 COMP
706523;BEMFOLA 300 UI0.5 ML 5 PLUMAS
706528;OMEPRAZOL HEALTHKERN 20MG 14CA
706809;FLONASE SPRAY NASAL 60 PULV
706918;GATICA 25 MG 56 CAPS
706936;YELLOX 0.9 MGML COLIR 5ML DIF
706940;ESCITALOPRAM FLAS CINFA15MG56C
706941;ESCITALOPRAM FLAS CINFA20MG56C
707172;SILDENAFILO CINFA 50MG 8COM
707177;SILDENAFILO CINFA 100MG 4COM
707411;SILDENAFILO MAST CINFA100MG8CO
707576;KEPPRA 1000 MG 30 COMP DIF
707577;KEPPRA 500 MG 60 COMP DIF
708316;SEASONIQUE 91 COMP
708941;ENALAPRIL TEVA-RIM 5MG 60 COM
709796;DUTASTERIDA CINFA 0.5MG 30CAP
709834;TADALAFILO COMBIX 20MG 8COMP
709862;LANTANON 10 MG 60 COMPRIMIDOS
709969;IBUSTICK 50 MGG GEL 30 G
710275;ESOMEPRAZOL STADA20MG56CA BO
710324;BRILIQUE 60MG 60 COMP
710632;GLYCILAX ADU 6.75SOL REC 12ENE
711046;LENZETTO 1.53 MGDOSIS 56 PULV
711475;OFLOXACINO POS 3MGML COL 5ML
711481;MOXIFLOXACINO NORMON 400MG5CO
711624;TRACTIVA 15 MG 28 COMP EFG
712076;FOSFATO NM 3.56G 100 SOBRES
712829;XERISTAR 30 MG 28 CAPS
713267;MICARDIS 80 MG 28 COMP DIF
713318;MICARDIS PL 8012.5MG 28CO DIF
713319;MICARDIS PL 8025MG 28CO DIF
713520;OMEPRAZOL GOBENS 20MG28CAP BO
713544;OLMESART HCTZ NORM2012.5MG28
713628;DICLOFENACO NORM 50MG 20C DISP
714220;ANGITUSS JBE 200 ML
714433;PLAVIX 75 MG 84 COMP
714894;VARDENAFILO CINFA 20MG 4COMP
714899;OPTIALERG
714973;TRINOMIA 100402.5 28 CAPS
715017;DOLOSTOP 1G 10 COMP
715058;ESOMEPRAZOL NORMON 40MG 28CAPS
715128;ZOMIG 5 MG 2 PULVER NASAL
715238;VIDESIL 50.000UI 1 AMP
716198;ALZIL 5 MG 28 COM
716622;DOLNA 0.120.015MG 3 ANILLOS
716849;CASENLAX 10 G 30 SOBRES
718239;PONTALSIC 37.5MG325MG 20 COMP
718685;ELVANSE ADULTOS 30 MG 30 CAPS
718687;ELVANSE ADULTOS 50 MG 30 CAPS
718689;ELVANSE ADULTOS 70 MG 30 CAPS
718846;IBUPROFENO STADA 400MG 20SOB
719140;VENLAFAXINA RET STADA225MG30CA
719192;EZETIMSIMVA NORMON 1020MG28C
719296;ENOXAPARINA ROVI 60 MG 2 JRG
719298;ENOXAPARINA ROVI 60 MG 10 JRG
719351;BLASTOESTIMULINA POLVO 5 G
719448;IXIA PLUS 4012.5 MG 28 CO DIF
719525;DIOVAN 160 MG 28 COMP DIF
719558;IXIA 40 MG 28 COMP DIF
719637;TETRIDAR 20MCGR80MCL PLU2.4ML
719658;DALACIN CR VAG 40 G
719680;OXITRIL 60 MG 28 COM
719764;CINFADOL 11.6MG GEL 100G
720031;COLPERMIN 187 MG 30 CAP
720460;CELLMUNE 1MGG 30GR
720578;INHIXA 60 MG 10 JGA
720591;INHIXA 20 MG 10 JGA
720760;PANTECTA 40 MG 28 COM EUR
720799;ABILIFY 10 MG 28 COMP DIF
720815;ABILIFY 15 MG 28 COMP DIF
720895;BALZAK 40MG 5MG 28 COMP DIF
720955;LACOSAMIDA NORMON 50MG 14COM
721013;NEXIUM MUPS DIFARMED 20 mg 28 COMPRIMIDOS GASTRORRESISTENTES
721371;SOLIFENACINA CINFA 10MG 30COMP
721434;GAVISCON FORTE DOBLE ACT 24 CO
721933;CLAVERSAL 1 G 100 COMP
721997;METALGIAL 500MGML GOTAS 30ML
722016;DAGAN 5 MG 30 COM
722035;DOLENGRIP 10SOBRES
722044;NEXIUM MUPS 40MG 28 COMP DIF
722071;PROGEFFIK 200 MG 15 CAP DIF
722072;PROGEFFIK 200 MG 60 CAP DIF
722184;CETRAXAL PLUS 3MGML+0.25MGML
723296;NOIAFREN TABL 20MG 20
723424;EDELSINE 0.250.035 MG 21COMP
723526;OMNILAX 10G 30SOB
723626;AVIDART 0.5MG 30 CAP DIF
723681;CRESTOR 20 MG 28 COMP DIF
723751;ADISOCOL 150MG 60COM
723762;DIAZEPAM VIR 2MG 30COM
723846;LOBIVON 5 MG 28 COMP DIF
723847;COSOPT DIFARMED 20 mg/ml + 5 mg/ml COLIRIO EN SOLUCION 1 FRASCO 5 ml
723906;NORMOSTOP CAFEINA 50MG 12COM
724139;DULOXETINA NORMON 60 MG 56 CAP
724258;ATEROGER 2010MG 30 COM
724431;NEOMYX 30CAP
724743;MONOPROST 50MCG 0.2ML 30UD DIF
724771;OMEPRAZOL STADA 20MG 14CAP
724977;METFORMINA NORMON 1000MG 30COM
724978;METFORMINA NORMON 1000MG 50COM
724981;CICLOSEB 15 MGG CHAMPU 100ML
725009;NOTUS MUCUS LIMON 600MG20COM
725107;CELLCEPT 500 MG 50 COMP DIF
725174;CINFATOS DESCONGESTIVO 200ML P
725645;MIRTAZAPINA FLAS NORMO45MG30
725912;GATICA 50MG 56CAP
726001;PARACETAMOL STADA 650MG 20COM
726132;SLENYTO 1 MG 30 COM
726150;PRAMEP 20MGML SOL ORAL
726360;SERC FLAS 24MG 60COMP
726509;ACORE 10 MG 4 COM
726802;LEVOTIROXINA ARISTO 50MCG100CO
726803;LEVOTIROXINA ARISTO 25MCG100CO
726811;ZARELIS RETARD DIFARMED 150 mg 30 COMPRIMIDOS LIBERACION PROLONGADA
726926;FEBUXOSTAT NORMON 80MG 28COM
727288;SEREQUR 320 MG 30 CAPS
727340;DUTATAMS CINF0.50.4MG30CA FR
727581;NORDIMET 15MG INY 4PLU 0.6ML
727860;DISIMET 501000MG 56COM
727907;ALNEO 10MG 4COM
728062;GASTROPAN 9050ML 14 CAPS
728063;GASTROPAN 9050ML 42 CAPS
728196;ABILIFY 10 MG 28 COMP
728221;PITAVASTATINA CINFA 2MG 28COM
728309;BIPRETERAX 41.25MG 30COM DIF
728331;BUCOPRO SABOR NARANJA 16 PAST
728345;AKLIEF 50 MCG CREMA 75 GR
728656;BISOPROLOL NORMON 10MG 28COM
728743;SITAGLIPMETF KERN50850MG56CO
728862;CINFADOL DICLOFENACO 39.2MGML
728894;SYMBICORT 802.25 120 DOSIS
728965;ENERZAIR BREEZHALER 30CAP+INHA
728983;CADELIUS D 600MG2000 UI 30COM
729121;VAGIRUX 10MCG 18COMP VAGINALES
729152;PIGMENTASA 4% CR 25 G
729196;ALZIL PLUS 2010 MG 30 COM
729198;ALZIL PLUS 510MG 30 COMP
729513;VARIARGIL GOTAS 40MGML FR50ML
729597;NAPROXENO SODIC KERN 550MG40CO
729763;LAVIRK 50MGG GEL 5G
729840;NILEMDO 180 MG 28 COMP
729841;NUSTENDI 180 MG10 MG 28 COMP
729880;ZIMBUS BREEZ 11446136MCG30CA
729915;VILDAGLIPMETFO CIN50850MG60
729935;NETDEX GEL 15 MONO 0.4 ML
730036;CINFATOSNAIT 1.332 MGML 150M
730253;IVERGALEN IVERMECTINA 3MG 4 CO
730331;CO-DIOVAN 32025 MG 28 CO DIF
730383;CO-DIOVAN 32012.5MG 28 CO DIF
730652;ZOMIG 2.5 MG 6 COMP DIF
730842;THERVAN 20 MG 28 COMPRIMIDOS
730847;THERVAN 40 MG 28 COMPRIMIDOS
730928;SEFFALAIR SPIROMAX12.75100MCG
730946;ZOMIG FLAS 2.5 MG 6 COMP DIF
731094;PARACETAMOL STADA 500MG 20COMP
731095;PARACETAMOL STADA 1G 10COMP
731388;PREMAX 20 MGML SOLUCION ORAL
731400;QUETIAPINA STADA 50MG 60CO
731409;SEPTOLETE 31MG MIEL LIMON 16
731552;LYRICA 300 MG 56 CAP DIF
731576;ENDOLEX 25MG 12 COMP
731679;ENEAS 30 COMP
732139;OMNIC OCAS 0.4 MG 30 COMP DIF
732440;INBRIJA 33 MG 92 CAPS
732450;TWICOR DIFARMED 20 mg/10 mg 30 COMPRIMIDOS RECUBIERTOS
732508;TICAGRELOR TEVA 90MG 56COM
732562;BYANNLI 1000MG JRG PRE LP+AGUJ
732699;ANTIDOL 1000MG 10STICK
732740;CANDESART HCTZ CINF3212.5MG28
732870;KERENDIA 10 MG 28 COMP
733290;SEPIA OFFICINALIS DT 30CH
733342;RINODUO 13750 MCG 120 DOSIS
734040;ATORVASTATINA NORM 80MG28CO
735811;CARBOCAL D 60 COMPRIMIDOS
737616;HOMEOVOX 60 COMP
741520;AFLUON SPRAY NASAL 10 ML
741629;DEPO PROGEVERA 150 MG VIAL
742239;FLUOXETINA NORMON 20 MG 28 CAP
743039;DERMOFIX 2% POLVO 30 G
744082;ATORVASTATINA NORMON 60MG 28CO
748195;IGNATIA AMARA DT 30CH
750539;RISPERIDONA CINFA 0.5MG 28COM
751940;NUX VOMICA DT 9CH
753657;APROVEL 300 MG 28 COMP
753673;CARBOCAL 600 MG 60 COMP
755587;URSOBILANE 300 MG 60 CAPS
756029;IBUPROFENO RAPID 400MG 20CAP
756056;FEBRECTAL AD 6 SUPO
756072;FEBRECTAL INF 6 SUPO
756411;FENERGAN CR 60 G
756650;FENTANEST 5X3 ML (H)
756826;THYMULINE BOIRON C30 GLOBULOS 1 ENVASE 4 g
758234;AXHIDROX 2.2 MG CR 50GR
758350;GANIRELIX 0.25 MG 0.5 ML 1 JGA
758543;ISDIBEN 20 MG 50 CAPS
758604;ARROX PLUS 4010MG 30 COMP
758615;IBIS 6MGML COLIRIO SOL 5ML
758717;TRIGON DEPOT 40MGML 3 VIAL1ML
758840;TIAPRIZAL 100MG 20COM
758842;ALZERTA DOS 4.6 MG24 H 16 PAR
759116;BIMOTIL 13.7GR SOL ORAL 30 SOB
759231;HOMEOPLASMINE POMADA 40 G
759253;UTROGESTAN 200 MG 15 CAPS
759451;OSCILLOCOCCINUM 30 UNIDOSIS
759452;LIMOVAN 7.5 MG 28 COMP
759498;REFLEX GEL 50 G
759811;PROZAC 20 MG 28 CAPS
760148;QUVIVIQ 50 MG 30 COM
760710;FURACIN PDA 100 G
761619;CLARELUX 500MCGG ESP CUT 100G
762104;CANDESARTAN NORMON 8MG 30COM
762175;JENTADUETO DIFARMED 2,5 mg/850 mg 60 COMPRIMIDOS RECUBIERTOS
762176;JENTADUETO DIFARMED 2,5 mg/1000 mg 60 COMPRIMIDOS RECUBIERTOS
762304;IBUPROFENO PENSA 600MG 40COMP
762334;DABIGATRAN CINFA 110MG 60CA
762413;IBIS 20 MG 20 COMP BUCODISP
762435;LATANEST 5MCGML SOL 5ML
762444;TERROSA 20 MCG80 MCL SOL INY
762466;ESPIRONOLACTONA ORION 25MG50CO
762505;RECIGARUM 1.5MG 100COM
762538;BETADINE BUCAL 200 ML
762633;GELIDINA GEL 30 G
762653;METFORMINA STADA 1000MG 60COM
762655;METFORMINA STADA 850MG50COM
762711;MELATONINA NOXAREM 3 MG 10 COM
762778;EBACINA FORTE 20MG 10COM
762839;NEXIUM MUPS DIFARMED 40 mg 28 COMPRIMIDOS GASTRORRESISTENTES
763210;ROCLANDA 50+200 MCGML 2.5ML
763294;PAROXETINA NORMON 40MG 28COM
763406;ALMAX FORTE COLA 750MG 48COM
763452;PROLUTEX 25 MG SOL JRG PRE 7VI
763453;PROLUTEX 25 MG SOL JRG PRE14VI
763628;FENTANILO MATRIX NORMON 25MCG5
763715;DAITAL 60.4MG 30COM
763742;DIFENATIL INFA 100MGML60ML
763743;DIFENATIL INFA 100MGML90ML
763874;GANFORT 0.50.3 30X0.4ML DIF
763950;MICTONORM FORTE 45MG28CAPS DIF
763988;VARENICLINA NORMON 0.5MG 56COM
764108;VOLTADOL PARCHES 140MG 10UN
764109;ATENZA 45 MG 30 COM
764112;DALINGO 330MG 30 COMPRIMIDOS
764205;ATOMOXETINA TARBIS 40MG 28CAP
764251;AMOXICILINA SDZ2505MGML100ML
764375;COLECALCIF NORMON 10.000UIML
764380;OMEREFLUX 20MG 14CAP
764396;DABIGATRAN TEVA 150MG 60CAP
764425;CATIOLANZE 50MCGML 30UN 0.3ML
764427;RYEQO 40 10.5 MG 28 COM
764535;AZELASFLUTI TEVA 13750MCG120
764549;SILDENAFILO NORMON 50MG 12COM
764555;VOLTAREN COLI 5 ML
764556;ZANDRAQET 1.5MG 100 COMP
764610;DOLQUINE 300 MG 30 COMP
764775;CARIBAN 1010 MG 36 CAP
764821;MOUNJARO KWIKPEN 7.5MGDO2.4ML
764825;MOUNJARO KWIKPEN 15MGDO 2.4ML
764826;COMBIGAN DIFARMED 2 mg/ml + 5 mg/ml COLIRIO EN SOLUCION 1 FRASCO 5 ml
764854;BYTEQI 0.5MG+1MG 53COM
764866;PHARMAGRIP CONG 60010MG 10SOB
764869;ABILIFY MAINTENA 960 MG
764876;NICORETTE SUPERMINT 2MG 40COMP
764879;NICORETTE SUPERMINT 4MG 40COMP
764972;BILAXTEN FLAS 20MG 30 COMP BU
764979;AMLODIPINO VIR 10MG 28COM
764987;VOLTADUO 20 COMP
765082;ALCOSIN 20MG 30COM
765083;ALCOTINA 20MG 30COM
765188;LYFNUA 45 MG 56 COMP
765207;ANTIDOL DUAL 500200MG 20COM
765216;LAMICTAL 200 MG 30 CO DISP DIF
765337;FLUTICASONA TEVA 27.5MCG120
765466;NAPROXENO SOD NORMON 550MG10CO
765467;NAPROXENO SOD NORMON 550MG40CO
765592;ACIDO FOLICO ARISTO 5MG 84COM
765667;EUTIROX 38 MCG 100 COMPRIMIDOS
765668;EUTIROX 63 MCG 100 COMPRIMIDOS
765768;TODACITAN EFG 1.5 MG 100CO DIF
765832;DONEPEZILO TECNIGEN 5MG 56COM
765997;METFORMINA STADAF 850MG 60COM
766001;ADENURIC 80 MG 28 COM
766062;BILAXTEN FLAS 10MG 30COMP BUCO
766215;VAXIGRIP TRIVALENTE 1JGA PRE
766272;INEGY DIFARMED 10 mg/20 mg 28 COMPRIMIDOS
766374;ENANDOL 25MG 16 COMP
766382;DIFENATIL 650MG 20COM
766388;FORTASEC 2 MG 12 CAPS
766413;ASTRILAX FLAS 20 MG 10 COMP
766414;ASTRILAX FLAS 20 MG 20 COMP
766417;ASTRILAX 20 MG 20 COMP
766455;DICLOKERN FORTE GEL23.2MGG150
766517;COLECALCIFEROL NORMO25.000UI 4
766669;ZARELIS RETARD 37.5 MG 30 COMP
766695;TWICOR DIFARMED 10 mg/10 mg 30 COMPRIMIDOS RECUBIERTOS
766765;NASOALDO 50 MG 115 DOSIS
767089;TAMSULOSINA CINFA 0.4 MG 30CAP
767228;HEMODREN PDA RECTAL 15 G
767412;RXULTI 0.5MG 28 COM
767513;ZOELY DIFARMED 2,5 mg/1,5 mg 1 x 28 COMPRIMIDOS RECUBIERTOS (24+4)
767619;QUETIAPINA NORMON 50MG 60COMP
767821;DIFENATIL 500 MG
769737;HIRUDOID GEL 40G
776435;PANTECTA 20 MG 28 COMP
777755;LARGACTIL 100 MG 30 COMP
778779;TAMIFLU 75 MG 10 CAPS DURAS
779165;INISTON ANTITUSIVO NF 200 ML
779280;CELECREM 1MGG CR 60 G
780536;LINITUL PDA 30 G
781591;ZITROMAX 250 MG 6 CAPS
783415;MANIDON 80 MG 30 GRAG
783423;MANIDON 80 MG 60 GRAG
785105;MENADERM SIMPLE CREMA 60 G
786814;FAMOTIDINA ARISTO 40MG 14COM
787945;SEVREDOL 10 MG 12 COMP
789693;MOSEGOR 0.5MG10ML SOLU 200ML
793604;LUMINAL 100 MG 50 COMP
793802;CIPROXINA SIMPLE GOTAS 5 ML
795070;NIQUITIN CLEAR 21 MG 14 PARCHE
799908;RHINOVIN AD SPRAY 10ML
802033;AREMIS 50 MG 30 COMP
803031;CANESMYCOSPOR ONICOSET 10 mg/g + 400 mg/g POMADA 1 TUBO 10 g
805382;MIRTAZAPINA STADA 30 MG 30 CO
805762;DIPRODERM 0.05% SOLU 60 ML
809277;PRANZO SOLU 200 ML
811844;PSICOCEN 50MG CAP
817585;ACICLOVIR STADA CR 50MG 2G
818971;RIVOTRIL GOT 10 ML
827600;STUGERON 75 MG 30 CAPS
827873;SERTRALINA STADA 100 MG 30 CO
828277;SERTRALINA STADA 50 MG 30 CO
831131;SYNALAR OTICO GOT 10 ML
831446;LAMISIL SPRAY 30 ML
833350;ENALAPRIL NORMON 5 MG 10 COMP
835926;VALDISPERT COMPLEX 50 COMP
840645;SINGULAIR 4 MG 28 SOBR GRANUL
842492;URBASON 4 MG 10 COMP
843102;YODUK 200 MCG 50 COMP
845800;PAUSEDAL 25 MG 60 COMP
849844;FORSTEO 20 MCG PLUMA
852582;EVRA 3 PARCHES TRANSDERMICOS
857037;PROTOPIC 0.03% PDA 30 G
858936;MOTIVAN 20 MG 56 COMP
859991;APOCARD 100 MG 30 COMP
861776;TH-VITALIA COLOR TINTE N´┐¢6
861787;TH-VITALIA COLOR TINTE N´┐¢9
861794;TH-VITALIA COLOR TINTE N´┐¢901
862623;AMLODIPINO KERN 5 MG 30 COMP
866228;ACEOTO PLUS GOT 10 ML
866624;AROMASIL 25 MG 30 COMP
866665;ACEITE RICINO ORRAVAN 25 ML
868166;XILONIBSA AEROSOL 10% 50 G
872291;CIALIS 20 MG 4 COMP
872390;AMBROXOL NORMON JBE 200 ML
874776;TANAKENE SOLU 50 ML
875914;BETADINE 4% SOL JABONOSA 500ML
880666;SOLIAN 200 MG 60 COMP
881078;PANTOK 10 MG 28 COMP
886200;GELOCATIL GRIPE 20 COMP
888016;LEXXEMA 0.1% PDA 60 G
889949;ZYPREXA VELOTAB 5MG 28COM
891168;TRANSTEC 35 MCG 5 PARCHES
897983;ARIXTRA 2.5 MG0.5 ML 10 JGA
901249;DOLO VOLTAREN 46.5 MG 20 COMP
902205;LISINOPRIL STADA 5 MG 60 COM
911610;INALADUO 25250 INHALAD 120 DO
911693;DOLOCATIL CODEINA 65030M 20CO
915900;INDAPAMIDA NORMON 2.5 MG 30 CO
917575;BUSULFANO 2 MG 100 COMP
926519;ANAGASTRA 40 MG 28 COMP
932822;PREVENCOR 10 MG 28 COMP
935056;METAMIZOL NORMON 575 MG 10CAPS
936518;CODEISAN JBE 250 ML
936526;TROMALYT 300 MG 28 CAPS
936831;PROCTOLOG PDA RECTAL 15 G
939942;FLUIMUCIL 4% SOL ORAL 200ML I
954925;ACTRON COMPUESTO 20 COMP EFER
959791;LINITUL 5.5X8 CM
959833;ANAFRANIL 25 MG 2x20 GRAG
960633;RELERT 20 MG 4 COMP
961805;ANTIDOL 500 MG 20 COMP
964312;QUOCIN 120 mg/ml + 60 mg/ml COLODION 1 FRASCO 20 ml
965673;RHINOSPRAY EUCALIPTUS 10 ML
971408;EULITOP RETARD 400 MG 30 COMP
971523;BETATUL 250 MG 10 SOBR
971879;STREPSILS VITAMINA C 24 PAST
974337;DOXIUM FTE 500 MG 60 CAPS
974352;SIBELIUM 5 MG 60 COMP
977769;VERUFIL 15 ML
978486;BIODRAMINA 20 MG 12 CHICLE
978536;KETOISDIN 5 OVULOS
980110;ANEXATE 0.5 MG 5X5 ML (H)
985911;SINTONAL 20 COMP
987537;BRONCOMEDICAL SULFO 180ML
988220;GASTRODENOL 120 MG 50 COMP
988881;NAPROSYN 500 MG 40 COMP
991620;LEVELINA SOLU 30 ML
992412;LUBRILAX 30 ML
993006;FUROSEMIDA CINFA 40 MG 10 COMP
993097;IRUXOL NEO PDA 30 G
994327;ZAMENE 6 MG 20 COMP
997247;SUNIDERMA CR 60 G
997585;BACTROBAN PDA 15 G
999795;FUCIDINE PDA 15 G
999796;FUCIDINE PDA 30 G
999999;AMBROXOL RATIOPHARM EFG 3 mg/ml JARABE 1 FRASCO 200 ml
ACTIB001;SAME 30 CAPSULAS
ACTIB002;NPRO MULTIPROBIOTA 30 CAPSULAS
ACTIB003;MAGVITAL 20 VIALES
ACTIB004;HYDRASTIS CANADENSIS 30CH GRANULOS
ALLTEST3;TEST FLUIDO ORAL TIPO (LOLLIPOP) ANTIGENOS AUTODIAGNOSTICO SARS-COV-2 ALLTEST (ALEU MEDICAL) 1 UNIDAD
ALMI6898;ALMANATUR MELOCOTON 20 SOBRES
ALMI6904;ALMANATUR MENTA 40 COMP
APOS5159;APOSAN GEL HIDROALC AH 50ML
APOS8200;APOSAN BASTON PLEGABLE ALASKA
APOS8553;APOSAN ESENCIA LAVANDA 10ML
BASTPL01;MULETILLA BASTON PLEGABLE GARCIA 1 UNIDAD
BAY10755;BEPANTHOL DUPLO TATTOO CREMA SOLAR PROTECTORA SPF 50+ 2x50ml
BAYER286;SUPRADYN MEMORY +50 90 COM
BAYER930;SERESTO COLLAR PERRO < 8 KG
BETR7000;GEL DE BA´┐¢O BETRES ON CEREZA 750ML + 250ML 1 UD
BETR7001;GEL DE BA´┐¢O BETRES ON MARACUYA 750ML + 250ML 1 UD
BETR7002;GEL DE BA´┐¢O BETRES ON MEL´┐¢N 750ML + 250ML 1 UD
BETR8000;MIKADO BETRES AMBIENTADOR DECORATIVO BERGAMOTA & JAZMIN 1 UD
BETR8002;MIKADO BETRES AMBIENTADOR DECORATIVO VAINILLA & VIOLETA 1 UD
BETR8003;MIKADO BETRES AMBIENTADOR DECORATIVO MUSK Y FLOR DE MELOCOTON 1 UD
BETR9900;JABON DE MANOS BETRES ON DULCE DE MANZANA 500ML
BETR9901;JABON DE MANOS BETRES ON DULCE DE FRESA Y NATA 500ML
BETR9902;JABON DE MANOS BETRES ON DULCE DE ALGODON Y TALCO 500 ML
BEUR6871;ELECTROEST RODILLA CODO EM-29
BIDA8029;SOLGAR L CARNITINA 1500MG473ML
BIOIB379;PROENTERIC TRIPLEX 15ML VET
CANT5207;STANGEST CHAMPU PELO BLANCO 250ml
CESTAB;CESACION TABAQUICA MEDICION CO
COLAGEN9013;COLAGEN PREMIUM TEQUIAL 30 SOBRES
COLFEM01;COLONIA AGUA DE ROSAS DE ADOLFO DOMINGUEZ 100ML
COLFEM05;COLONIA TE VERDE BULGARY 100ML
COLFEM24;COLONIA AIRE DE LOEWE 100ML
COLFEM45;COLONIA ARMANI MUJER 100ML
COLFEM64;COLONIA GOOD GIRL 100ML
COLMAS11;COLONIA ARMANI HOMBRE 100ML
COLMAS24;COLONIA ATTITUDE DE ARMANI 100ML
COLMAS25;COLONIA 7 DE LOEWE 100ML
COVID004;MASCARILLA FFP3 BLANCA 5 UNIDADES
COVID005;MASCARILLA FFP3 BLANCA 10 UNIDADES
COVID238;MASCARILLA QUIRURGICA NEGRA 1 UD
COVID247;MASCARILLA QUIRURGICA INFANTIL PACK 10 U
COVID429;SALVAOREJAS BOLSA 96 UD
COVID665;MASCARILLA FFP2 BLANCAS PACK 50UDS
CUM77707;CUMLAUDE LAB: LUBRIPIU HIGIENE INTIMA SEQUEDAD OLEO LECHE 100ML
CUMLA004;CUMLAUDE LAB: PACK INTIMCARE RUTINA SALUD SEXUAL
DAF002;DAFORTE GEL ORAL 20 ML
DISM9348;STITCH ESTUCHE INFANTIL VASO+PASTA DE DIENTES+ CEPILLO
DISM9349;MINNIE ESTUCHE INFANTIL VASO+PASTA DE DIENTES+ CEPILLO
DISM9350;MICKEY ESTUCHE INFANTIL VASO+PASTA DE DIENTES+ CEPILLO
DISM9351;STUMBLE GUYS ESTUCHE INFANTIL VASO+PASTA DE DIENTES+ CEPILLO
DRA04588;DRASANVI SPORT LIVE CREATINA MONOHIDRATO 200 MESH 1200MG
DRA498;DRASANVI PROTEINA VEGANA SABOR CAPUCHINO 600 GR
DRA942;DRASANVI PROTEINA VEGANA SABOR BROWNIE 600 GR
DRASA4366;DRASANVI BOTELLA MONODOSIS WHEY PROTEIN VAINILLA 30GR
DRASA4373;DRASANVI BOTELLA MONODOSIS WHEY PROTEIN YOGUR FRESA 30GR
DRASA4445;DRASANVI COPOS DE AVENA FINOS INTEGRALES BIO 500GR
DUABE012;PENDIENTES DUA BELA TIPO C MODELO 5 ARO MARIA PLATA 1 PAR
DUABE017;PENDIENTES DUA BELA TIPO PHARMA MODELO 5 CIRCLE 1 PAR
ERGY6596;ERGYFEM BIENESTAR 60 CAPSULAS
ERGY8020;ERGYCOL BALANCE 60 CAPSULAS
EUC595;EUCERIN GEL 400 ML PRECIO ESP
FARL0016;APOSAN PA´┐¢UELOS LOCION 10X10
FARL0018;FARLINE PARCHE CALOR CERV 2 U
FARL0261;FARLINE MALETA BEBE CARRITO
FARL0427;REPUESTO IRRIGAD DENTA FARLINE
FARL1242;FARLINE EXPO LIMA CRISTAL 12U
FARL1527;FARLINE FLUID PED SPF50+ 50ML
FARL2845;APOSAN MASC QUIRUR IIR AZ 10U
FARL3797;FARLINE PALO QUITACUTICULAS AZ
FARL4380;FARLINE BEBE NEC VIAJES ROSA 1 UNIDAD
FARL4382;APOSAN CALENTITO JIRAFA 24
FARL4397;FARLINE BEBE NECESER VIAJE
FARL4446;APOSAN CALENTITOS ELEFANTE
FARL4795;FARLINE PACK ANTICAIDA LOCION + COMP
FARL5478;FARLINE TRI-PACK TOALLITAS BEBEl
FARL5719;FARLINE PASTA ANTIPLACA 30 ML
FARL5803;FARLINE FLUIDO LABIAL REP 10 ML
FARL6372;FARLINE DUPLO COLAG+MG CACAO
FARL8675;SWEETSIN PIRULETA SA 200U
FARL8952;FARLINE LOC HIDRAT BEBE 100ML
FARL9548;DUPLO FISIOACTIV CANNABIDIOLz
FARL9675;FARLINE DUPL PASTA KIDS 2X75ML
FARMAL978;PLANTILLA ALINEACI´┐¢N POSTU TP
GFSOLNI1;GAFA SOL NI´┐¢O/NI´┐¢A
HAL00264;PACK HALLEY REPEL+PICBALS
IUPH0039;IUVER MINE MLTNN SERUM PIEL SECA PERSONALIZABLE 44ML 1 UNIDAD
IUPH0051;IUVER MINE ACTIVE PRO S-5/5 SOLUCION PIIELES SENSIBLES 2ml 1 UNIDAD
IUPH0085;IUVER CONTORNO DE OJOS 20ml
KE805775;ARTICARE PLUS KEEP GOING 120 CAPS
KLEO0001;KLEO CONTORNO MULTIPEPTIDE 360 15ML 1 UD
LAMB0001;BETAINA LAMBERTS HCI 324MG./PEPSINA 5MG. 180 COMP
LARO1032;PACK LA ROCHE POSAY SERUM RETINOL B3 30 ML + MINI SERUM OJOS HYALU B5 + MINI PURE VITAMIN C 10 ML
LARO1477;PACK SERUM EFFACLAR ULTRA 30 ML + MINI SERUM OJOS HYALU B5 + MINI MELA B3 SERUM
LEOTR093;LEOTRON VIT C 36+18 COMP
LIDA0014;JABON 100% NATURAL LIDA 3X125GRS
LIPIK219;LIPIKAR DUPLO LECHE CORPORAL 2x750ML
LIPIK251;LIPIKAR PACK HUILE LAVANTE AP+ 1 BOTE 2x1000 ml CON DOSIFICADOR
LIPIK8014;LIPIKAR BAUME AP+ 400ML + LIPIKAR HUILE LAVANTE AP+ 100ML GRATIS LA ROCHE POSAY
LIPIK8618;LIPIKAR DUPLO GEL LAVANT 1L 2UD -50% LA ROCHE POSAY
ME801972;GAFA VISTA CANSADA MONTA´┐¢A EYEWEAR 82 +1.00
MIREB9114;MI REBOTICA CHAMPU SOLIDO CABELLO GRASO CON EXTRACTO DE CEBOLLA 65Gr
NUT24981;VECTI SEREN 60CAP
NUT32092;ERGY D 15ML
NUT33281;ERGYPHILUS BEBE 10ML
NUT69885;VECTIDORM GABA 60 CAPSULAS
NUT737;ERGYLASE PLUS 40 CAPSULAS NUTERGIA
NUT87656;ERGYCRANBERRYL 250 ML NUTERGIA
NUT90398;ERGY D PLUS 15ML
OLISTWN3;OLISTIC WOMEN NEXT 28 DOSIS 25ML
OLISTWN4;OLISTIC WOMEN NEXT 3x28 DOSIS 25ML
PHARM040;VETGASTRIL PLUS 50ML
PHDIE068;HEPATOSIL PLUS RAZAS PEQ 60COM
PHDIE069;HEPATOSIL PLUS RAZAS PEQ 30COM
PRANA5162;PRANA BB BALS PECTORAL 40 ML
REST0729;RESTOMYL GEL 30ML
SALVI922;SALUD VIVA PSYLLIUM POLVO 200 G
SOTYA565;SOTYA L-CARNITINA 600MG 90 CAPS
SO´┐¢O2534;SO´┐¢ODINA ADVANCE 90 + 30 COMP
TEZPHA01;TEST TEZARO PHARMA FERTILIDAD MASCULINA SP-10 EN ESPERMA DETECCI´┐¢N RAPIDA 1 PRUEBA
TEZPHA02;TEST TEZARO PHARMA HELICOBACER PYLORI (H. PYLORI) EN HECES 1 PRUEBA
TEZPHA03;TEST TEZARO PHARMA TSH (HORMONA ESTIMULANTE DE LA TIROIDES) DETECCI´┐¢N RAPIDA 1 PRUEBA
TEZPHA06;TEST TEZARO PHARMA PH VAGINAL (INFECCION VAGINAL) 1 PRUEBA
TEZPHA26;TEST TEZARO PHARMA ALLTEST DE VITAMINA D EN SANGRE DE DETECCION RAPIDA DE 25-OH VITAMINA D 1 PRUEBA
TEZPHA27;TEST TEZARO PHARMA DE INFECCI´┐¢N URINARIA ITU DE DETECCI´┐¢N R´┐¢PIDA EN ORINA 2 PRUEBAS
TH0000;TH-VITALIA ECO COLOR TINTE N´┐¢4
TH003840;TH PHARMA ESPUMA CURLY CARE DE FIJACION REVITALIZADORA DE RIZOS 200ML
TH003956;TH PHARMA CHAMPU PROVITAMINA B5 EFECTO ANTI-FRIZZ CABELLOS SECOS 1000ML
TH003970;TH PHARMA CHAMPU PROVITAMINA B5 EFECTO ANTI-FRIZZ CABELLOS TE´┐¢IDOS Y MECHAS 1000ML
TH003987;TH PHARMA MASCARILLA PROVITAMINA B5 CABELLOS TE´┐¢IDOS Y MECHAS ANTI-FRIZZ 700ML
TH003994;TH PHARMA CHAMPU PROVITAMINA B5 EFECTO ANTI-FRIZZ CABELLOS FINOS 1000ML
TH056570;TH PHARMA CHAMPU LECHE DE AVENA Y JALEA REAL 1L
TH062731;TH PHARMA GEL CORPORAL ZERO 0% AVENA Y GERMEN DE TRIGO
TH072198;TH PHARMA GEL CORPORAL ZERO 0% ACEITE DE SOJA
TH075571;TH PHARMA GEL CORPORAL ZERO 0% ALOE VERA
TH089943;TH NATURE ACEITE DE ARBOL DE TE 10ML
TH094664;TH PHARMA CHAMPU EXTRACTO DE AJO NEGRO 1L
TH2263;TINTE TH PHARMA VITALIA COLOR ECO N´┐¢3 CASTA´┐¢O OSCURO
TH569854;TH PHARMA CHAMPU REDUCTOR DE CANAS GRADUAL 60ML
THERMA145;THERMACARE ADAPTABLE 3 UDS
TROUSS06;TROUSS LABIAL LIQUIDO 06 NUDE 1 UNIDAD
TROUSS14;TROUSS MASCARA PESTA´┐¢AS XXL 1 UNIDAD
TROUSS15;TROUSS CORRECTOR SOFT BEIGE 1 UNIDAD
TROUSS19;TROUSS BASE MAQUILLAJE SPF30 NUDE PEACH 02 1 UNIDAD
TROUSS25;TROUSS BASE LAPIZ CEJAS 02 1 UNIDAD
TROUSS28;TROUSS LAPIZ SOMBRA OJOS 02 1 UNIDAD
TROUSS29;TROUSS LAPIZ SOMBRA OJOS 03 1 UNIDAD
TROUSS31;TROUSS LAPIZ SOMBRA OJOS 05 1 UNIDAD
TROUSS32;TROUSS LAPIZ SOMBRA OJOS 06 1 UNIDAD
TROUSS33;TROUSS PERFILADOR LABIAL 01 NUDE 1 UNIDAD
TROUSS35;TROUSS PERFILADOR LABIAL 03 MAUVE 1 UNIDAD
TROUSS36;TROUSS PERFILADOR LABIAL 04 PEACH ROSE 1 UNIDAD
TROUSS47;TROUSS PERFILADOR LABIAL 47 BORDEAUX 1 UNIDAD
TROUSS48;TROUSS PERFILADOR LABIAL 48 MATITA LABBRA NUDE 1 UNIDAD
TROUSS50;TROUSS BALSAMO LABIAL NUDE SPF 20 1 UNIDAD
TROUSS51;TROUSS BALSAMO LABIAL NATURAL SPF 20 1 UNIDAD
URA731648;XMILE FORTE GEL DENTIFRICO
VACAS0;KIT PERSONALIZADO VACACIONES
VETI5004;VETILEA GASTRO GEL 50 ML
VETI5021;VETILEA CALMADAPT GEL 50ML
VETI6597;VETILEA SEPTOSTIL HIDROGEL GOTAS OCULARES 10 ML
VETI6998;VETILEA SICCOSTIL PROTECT GOTAS OCULARES 10 ML
VIRB6600;PYODERM CHAMPU 250 ML
